Country Name,Country Code,Series Name,2017 [YR2017],2021 [YR2021]
Afghanistan,AFG,Account (% age 15+),14.89,9.65
Afghanistan,AFG,Borrowed from a formal financial institution (% age 15+),3.81,2.05
Afghanistan,AFG,"Can use account at a bank or financial institution without help if opened (% without an account, age 15+)",..,34.69
Afghanistan,AFG,Deposited money into a financial institution account 2 or more times a month (% age 15+),..,..
Afghanistan,AFG,Owns a debit card (% age 15+),2.71,2.6
Afghanistan,AFG,Owns a credit card (% age 15+),1.06,0
Afghanistan,AFG,Received digital payments (% age 15+),9.04,4.33
Albania,ALB,Account (% age 15+),40.02,
Albania,ALB,Borrowed from a formal financial institution (% age 15+),12.52,10.74
Albania,ALB,"Can use account at a bank or financial institution without help if opened (% without an account, age 15+)",..,10.74
Albania,ALB,Deposited money into a financial institution account 2 or more times a month (% age 15+),..,..
Albania,ALB,Owns a debit card (% age 15+),26.89,9.47
Albania,ALB,Owns a credit card (% age 15+),8.02,26.98
Albania,ALB,Received digital payments (% age 15+),22.25,2.77
Algeria,DZA,Account (% age 15+),42.78,15.72
Algeria,DZA,Borrowed from a formal financial institution (% age 15+),4.95,..
Algeria,DZA,"Can use account at a bank or financial institution without help if opened (% without an account, age 15+)",..,..
Algeria,DZA,Deposited money into a financial institution account 2 or more times a month (% age 15+),..,35.77
Algeria,DZA,Owns a debit card (% age 15+),19.97,38.77
Algeria,DZA,Owns a credit card (% age 15+),3.24,10.68
Algeria,DZA,Received digital payments (% age 15+),17.31,2.77
Angola,AGO,Account (% age 15+),..,..
Angola,AGO,Borrowed from a formal financial institution (% age 15+),..,..
Angola,AGO,"Can use account at a bank or financial institution without help if opened (% without an account, age 15+)",..,..
Angola,AGO,Deposited money into a financial institution account 2 or more times a month (% age 15+),..,..
Angola,AGO,Owns a debit card (% age 15+),..,..
Angola,AGO,Owns a credit card (% age 15+),..,..
Angola,AGO,Received digital payments (% age 15+),..,..
Argentina,ARG,Account (% age 15+),48.71,..
Argentina,ARG,Borrowed from a formal financial institution (% age 15+),24.37,4.96
Argentina,ARG,"Can use account at a bank or financial institution without help if opened (% without an account, age 15+)",..,26.67
Argentina,ARG,Deposited money into a financial institution account 2 or more times a month (% age 15+),..,..
Argentina,ARG,Owns a debit card (% age 15+),41.37,19.23
Argentina,ARG,Owns a credit card (% age 15+),23.97,8.56
Argentina,ARG,Received digital payments (% age 15+),27.02,13.37
Armenia,ARM,Account (% age 15+),47.76,..
Armenia,ARM,Borrowed from a formal financial institution (% age 15+),31.21,40.95
Armenia,ARM,"Can use account at a bank or financial institution without help if opened (% without an account, age 15+)",..,28.16
Armenia,ARM,Deposited money into a financial institution account 2 or more times a month (% age 15+),..,26.16
Armenia,ARM,Owns a debit card (% age 15+),25.71,7.82
Armenia,ARM,Owns a credit card (% age 15+),8.1,17.29
Armenia,ARM,Received digital payments (% age 15+),27.42,27.16
Australia,AUS,Account (% age 15+),99.52,9.22
Australia,AUS,Borrowed from a formal financial institution (% age 15+),63.74,98.3
Australia,AUS,"Can use account at a bank or financial institution without help if opened (% without an account, age 15+)",..,57.29
Australia,AUS,Deposited money into a financial institution account 2 or more times a month (% age 15+),..,46.67
Australia,AUS,Owns a debit card (% age 15+),89.96,..
Australia,AUS,Owns a credit card (% age 15+),59.69,..
Australia,AUS,Received digital payments (% age 15+),79.32,..
Austria,AUT,Account (% age 15+),98.16,95.94
Austria,AUT,Borrowed from a formal financial institution (% age 15+),47.32,99.95
Austria,AUT,"Can use account at a bank or financial institution without help if opened (% without an account, age 15+)",..,..
Austria,AUT,Deposited money into a financial institution account 2 or more times a month (% age 15+),..,..
Austria,AUT,Owns a debit card (% age 15+),90.22,..
Austria,AUT,Owns a credit card (% age 15+),46.55,..
Austria,AUT,Received digital payments (% age 15+),75.32,..
Azerbaijan,AZE,Account (% age 15+),28.57,..
Azerbaijan,AZE,Borrowed from a formal financial institution (% age 15+),15.12,
Azerbaijan,AZE,"Can use account at a bank or financial institution without help if opened (% without an account, age 15+)",..,..
Azerbaijan,AZE,Deposited money into a financial institution account 2 or more times a month (% age 15+),..,..
Azerbaijan,AZE,Owns a debit card (% age 15+),24.62,..
Azerbaijan,AZE,Owns a credit card (% age 15+),5.3,..
Azerbaijan,AZE,Received digital payments (% age 15+),21.86,..
Bahrain,BHR,Account (% age 15+),82.61,..
Bahrain,BHR,Borrowed from a formal financial institution (% age 15+),36.32,..
Bahrain,BHR,"Can use account at a bank or financial institution without help if opened (% without an account, age 15+)",..,..
Bahrain,BHR,Deposited money into a financial institution account 2 or more times a month (% age 15+),..,..
Bahrain,BHR,Owns a debit card (% age 15+),79.98,..
Bahrain,BHR,Owns a credit card (% age 15+),29.85,..
Bahrain,BHR,Received digital payments (% age 15+),59.42,..
Bangladesh,BGD,Account (% age 15+),50.05,..
Bangladesh,BGD,Borrowed from a formal financial institution (% age 15+),9.21,..
Bangladesh,BGD,"Can use account at a bank or financial institution without help if opened (% without an account, age 15+)",..,52.81
Bangladesh,BGD,Deposited money into a financial institution account 2 or more times a month (% age 15+),..,49.99
Bangladesh,BGD,Owns a debit card (% age 15+),6.2,4.42
Bangladesh,BGD,Owns a credit card (% age 15+),0.2,24.91
Bangladesh,BGD,Received digital payments (% age 15+),15.6,1.92
Belarus,BLR,Account (% age 15+),81.16,31.88
Belarus,BLR,Borrowed from a formal financial institution (% age 15+),21.46,26.28
Belarus,BLR,"Can use account at a bank or financial institution without help if opened (% without an account, age 15+)",..,
Belarus,BLR,Deposited money into a financial institution account 2 or more times a month (% age 15+),..,..
Belarus,BLR,Owns a debit card (% age 15+),70.6,..
Belarus,BLR,Owns a credit card (% age 15+),18.72,..
Belarus,BLR,Received digital payments (% age 15+),73.36,..
Belgium,BEL,Account (% age 15+),98.64,..
Belgium,BEL,Borrowed from a formal financial institution (% age 15+),48.33,..
Belgium,BEL,"Can use account at a bank or financial institution without help if opened (% without an account, age 15+)",..,..
Belgium,BEL,Deposited money into a financial institution account 2 or more times a month (% age 15+),..,99.01
Belgium,BEL,Owns a debit card (% age 15+),94.2,0.42
Belgium,BEL,Owns a credit card (% age 15+),48.42,..
Belgium,BEL,Received digital payments (% age 15+),72.45,92.57
Belize,BLZ,Account (% age 15+),..,..
Belize,BLZ,Borrowed from a formal financial institution (% age 15+),..,49.82
Belize,BLZ,"Can use account at a bank or financial institution without help if opened (% without an account, age 15+)",..,..
Belize,BLZ,Deposited money into a financial institution account 2 or more times a month (% age 15+),..,
Belize,BLZ,Owns a debit card (% age 15+),..,..
Belize,BLZ,Owns a credit card (% age 15+),..,..
Belize,BLZ,Received digital payments (% age 15+),..,..
Benin,BEN,Account (% age 15+),38.49,..
Benin,BEN,Borrowed from a formal financial institution (% age 15+),11.36,..
Benin,BEN,"Can use account at a bank or financial institution without help if opened (% without an account, age 15+)",..,..
Benin,BEN,Deposited money into a financial institution account 2 or more times a month (% age 15+),..,..
Benin,BEN,Owns a debit card (% age 15+),10.6,20.29
Benin,BEN,Owns a credit card (% age 15+),6.14,28.85
Benin,BEN,Received digital payments (% age 15+),16.22,3.4
Bhutan,BTN,Account (% age 15+),..,4.72
Bhutan,BTN,Borrowed from a formal financial institution (% age 15+),..,13.02
Bhutan,BTN,"Can use account at a bank or financial institution without help if opened (% without an account, age 15+)",..,1.78
Bhutan,BTN,Deposited money into a financial institution account 2 or more times a month (% age 15+),..,21.12
Bhutan,BTN,Owns a debit card (% age 15+),..,..
Bhutan,BTN,Owns a credit card (% age 15+),..,..
Bhutan,BTN,Received digital payments (% age 15+),..,..
Bolivia,BOL,Account (% age 15+),54.41,..
Bolivia,BOL,Borrowed from a formal financial institution (% age 15+),19.98,..
Bolivia,BOL,"Can use account at a bank or financial institution without help if opened (% without an account, age 15+)",..,..
Bolivia,BOL,Deposited money into a financial institution account 2 or more times a month (% age 15+),..,..
Bolivia,BOL,Owns a debit card (% age 15+),28.05,67.96
Bolivia,BOL,Owns a credit card (% age 15+),7.16,55.94
Bolivia,BOL,Received digital payments (% age 15+),21.17,81.34
Bosnia and Herzegovina,BIH,Account (% age 15+),58.84,8.53
Bosnia and Herzegovina,BIH,Borrowed from a formal financial institution (% age 15+),14.73,11.19
Bosnia and Herzegovina,BIH,"Can use account at a bank or financial institution without help if opened (% without an account, age 15+)",..,44.21
Bosnia and Herzegovina,BIH,Deposited money into a financial institution account 2 or more times a month (% age 15+),..,..
Bosnia and Herzegovina,BIH,Owns a debit card (% age 15+),40.41,15.11
Bosnia and Herzegovina,BIH,Owns a credit card (% age 15+),9.72,79.34
Bosnia and Herzegovina,BIH,Received digital payments (% age 15+),41.31,..
Botswana,BWA,Account (% age 15+),51.03,..
Botswana,BWA,Borrowed from a formal financial institution (% age 15+),8.86,7.39
Botswana,BWA,"Can use account at a bank or financial institution without help if opened (% without an account, age 15+)",..,4.75
Botswana,BWA,Deposited money into a financial institution account 2 or more times a month (% age 15+),..,18.03
Botswana,BWA,Owns a debit card (% age 15+),27.17,..
Botswana,BWA,Owns a credit card (% age 15+),7.25,..
Botswana,BWA,Received digital payments (% age 15+),29.72,..
Brazil,BRA,Account (% age 15+),70.04,..
Brazil,BRA,Borrowed from a formal financial institution (% age 15+),26.29,..
Brazil,BRA,"Can use account at a bank or financial institution without help if opened (% without an account, age 15+)",..,..
Brazil,BRA,Deposited money into a financial institution account 2 or more times a month (% age 15+),..,..
Brazil,BRA,Owns a debit card (% age 15+),59.34,58.78
Brazil,BRA,Owns a credit card (% age 15+),27.03,16.14
Brazil,BRA,Received digital payments (% age 15+),38.84,83.56
Bulgaria,BGR,Account (% age 15+),72.2,78.3
Bulgaria,BGR,Borrowed from a formal financial institution (% age 15+),18.76,52.42
Bulgaria,BGR,"Can use account at a bank or financial institution without help if opened (% without an account, age 15+)",..,6.14
Bulgaria,BGR,Deposited money into a financial institution account 2 or more times a month (% age 15+),..,5.73
Bulgaria,BGR,Owns a debit card (% age 15+),69.36,22.31
Bulgaria,BGR,Owns a credit card (% age 15+),13.55,50.94
Bulgaria,BGR,Received digital payments (% age 15+),58.3,26.13
Burkina Faso,BFA,Account (% age 15+),43.16,..
Burkina Faso,BFA,Borrowed from a formal financial institution (% age 15+),10,29.88
Burkina Faso,BFA,"Can use account at a bank or financial institution without help if opened (% without an account, age 15+)",..,12.4
Burkina Faso,BFA,Deposited money into a financial institution account 2 or more times a month (% age 15+),..,13.11
Burkina Faso,BFA,Owns a debit card (% age 15+),12.36,6.57
Burkina Faso,BFA,Owns a credit card (% age 15+),4.82,5.66
Burkina Faso,BFA,Received digital payments (% age 15+),27.35,12.62
Burundi,BDI,Account (% age 15+),..,13.03
Burundi,BDI,Borrowed from a formal financial institution (% age 15+),..,4.88
Burundi,BDI,"Can use account at a bank or financial institution without help if opened (% without an account, age 15+)",..,20.23
Burundi,BDI,Deposited money into a financial institution account 2 or more times a month (% age 15+),..,22.15
Burundi,BDI,Owns a debit card (% age 15+),..,..
Burundi,BDI,Owns a credit card (% age 15+),..,..
Burundi,BDI,Received digital payments (% age 15+),..,..
Cambodia,KHM,Account (% age 15+),21.67,..
Cambodia,KHM,Borrowed from a formal financial institution (% age 15+),26.73,..
Cambodia,KHM,"Can use account at a bank or financial institution without help if opened (% without an account, age 15+)",..,..
Cambodia,KHM,Deposited money into a financial institution account 2 or more times a month (% age 15+),..,..
Cambodia,KHM,Owns a debit card (% age 15+),7.19,28.49
Cambodia,KHM,Owns a credit card (% age 15+),0.55,30.88
Cambodia,KHM,Received digital payments (% age 15+),6.51,28.49
Cameroon,CMR,Account (% age 15+),34.59,8.41
Cameroon,CMR,Borrowed from a formal financial institution (% age 15+),7.7,3.73
Cameroon,CMR,"Can use account at a bank or financial institution without help if opened (% without an account, age 15+)",..,0
Cameroon,CMR,Deposited money into a financial institution account 2 or more times a month (% age 15+),..,26.08
Cameroon,CMR,Owns a debit card (% age 15+),11.25,8.82
Cameroon,CMR,Owns a credit card (% age 15+),3.05,7.73
Cameroon,CMR,Received digital payments (% age 15+),18.64,5.21
Canada,CAN,Account (% age 15+),99.73,33.95
Canada,CAN,Borrowed from a formal financial institution (% age 15+),82.83,1.32
Canada,CAN,"Can use account at a bank or financial institution without help if opened (% without an account, age 15+)",..,5.14
Canada,CAN,Deposited money into a financial institution account 2 or more times a month (% age 15+),..,8.89
Canada,CAN,Owns a debit card (% age 15+),96.8,81.01
Canada,CAN,Owns a credit card (% age 15+),82.58,..
Canada,CAN,Received digital payments (% age 15+),78.37,81.01
Central African Republic,CAF,Account (% age 15+),13.75,..
Central African Republic,CAF,Borrowed from a formal financial institution (% age 15+),4.46,0.44
Central African Republic,CAF,"Can use account at a bank or financial institution without help if opened (% without an account, age 15+)",..,96.73
Central African Republic,CAF,Deposited money into a financial institution account 2 or more times a month (% age 15+),..,..
Central African Republic,CAF,Owns a debit card (% age 15+),4.19,..
Central African Republic,CAF,Owns a credit card (% age 15+),2.92,..
Central African Republic,CAF,Received digital payments (% age 15+),6.23,..
Chad,TCD,Account (% age 15+),21.76,..
Chad,TCD,Borrowed from a formal financial institution (% age 15+),3.86,..
Chad,TCD,"Can use account at a bank or financial institution without help if opened (% without an account, age 15+)",..,..
Chad,TCD,Deposited money into a financial institution account 2 or more times a month (% age 15+),..,..
Chad,TCD,Owns a debit card (% age 15+),3.06,..
Chad,TCD,Owns a credit card (% age 15+),2.99,..
Chad,TCD,Received digital payments (% age 15+),13.6,..
Chile,CHL,Account (% age 15+),74.35,..
Chile,CHL,Borrowed from a formal financial institution (% age 15+),30.92,..
Chile,CHL,"Can use account at a bank or financial institution without help if opened (% without an account, age 15+)",..,..
Chile,CHL,Deposited money into a financial institution account 2 or more times a month (% age 15+),..,..
Chile,CHL,Owns a debit card (% age 15+),59.81,86.43
Chile,CHL,Owns a credit card (% age 15+),29.85,..
Chile,CHL,Received digital payments (% age 15+),45.52,24.19
China,CHN,Account (% age 15+),79.53,24.19
China,CHN,Borrowed from a formal financial institution (% age 15+),21.67,86.43
China,CHN,"Can use account at a bank or financial institution without help if opened (% without an account, age 15+)",..,1.23
China,CHN,Deposited money into a financial institution account 2 or more times a month (% age 15+),..,1.28
China,CHN,Owns a debit card (% age 15+),65.74,88.71
China,CHN,Owns a credit card (% age 15+),19.49,83.08
China,CHN,Received digital payments (% age 15+),35.23,..
Colombia,COL,Account (% age 15+),45.76,30.59
Colombia,COL,Borrowed from a formal financial institution (% age 15+),21.25,88.71
Colombia,COL,"Can use account at a bank or financial institution without help if opened (% without an account, age 15+)",..,82.96
Colombia,COL,Deposited money into a financial institution account 2 or more times a month (% age 15+),..,..
Colombia,COL,Owns a debit card (% age 15+),25.65,
Colombia,COL,Owns a credit card (% age 15+),13.91,59.72
Colombia,COL,Received digital payments (% age 15+),24.54,..
Comoros,COM,Account (% age 15+),..,..
Comoros,COM,Borrowed from a formal financial institution (% age 15+),..,12.81
Comoros,COM,"Can use account at a bank or financial institution without help if opened (% without an account, age 15+)",..,..
Comoros,COM,Deposited money into a financial institution account 2 or more times a month (% age 15+),..,7.65
Comoros,COM,Owns a debit card (% age 15+),..,24.13
Comoros,COM,Owns a credit card (% age 15+),..,
Comoros,COM,Received digital payments (% age 15+),..,..
"Congo, Dem. Rep.",COD,Account (% age 15+),25.83,..
"Congo, Dem. Rep.",COD,Borrowed from a formal financial institution (% age 15+),3.94,..
"Congo, Dem. Rep.",COD,"Can use account at a bank or financial institution without help if opened (% without an account, age 15+)",..,..
"Congo, Dem. Rep.",COD,Deposited money into a financial institution account 2 or more times a month (% age 15+),..,..
"Congo, Dem. Rep.",COD,Owns a debit card (% age 15+),6.46,..
"Congo, Dem. Rep.",COD,Owns a credit card (% age 15+),1.45,..
"Congo, Dem. Rep.",COD,Received digital payments (% age 15+),12.01,..
"Congo, Rep.",COG,Account (% age 15+),26.09,..
"Congo, Rep.",COG,Borrowed from a formal financial institution (% age 15+),5.2,..
"Congo, Rep.",COG,"Can use account at a bank or financial institution without help if opened (% without an account, age 15+)",..,..
"Congo, Rep.",COG,Deposited money into a financial institution account 2 or more times a month (% age 15+),..,..
"Congo, Rep.",COG,Owns a debit card (% age 15+),11.52,..
"Congo, Rep.",COG,Owns a credit card (% age 15+),3.97,..
"Congo, Rep.",COG,Received digital payments (% age 15+),10.9,
Costa Rica,CRI,Account (% age 15+),67.84,36.89
Costa Rica,CRI,Borrowed from a formal financial institution (% age 15+),21.22,3.91
Costa Rica,CRI,"Can use account at a bank or financial institution without help if opened (% without an account, age 15+)",..,..
Costa Rica,CRI,Deposited money into a financial institution account 2 or more times a month (% age 15+),..,9.73
Costa Rica,CRI,Owns a debit card (% age 15+),51.65,2.76
Costa Rica,CRI,Owns a credit card (% age 15+),13.88,22.77
Costa Rica,CRI,Received digital payments (% age 15+),41.38,12.33
Cote d'Ivoire,CIV,Account (% age 15+),41.33,57.23
Cote d'Ivoire,CIV,Borrowed from a formal financial institution (% age 15+),2.71,..
Cote d'Ivoire,CIV,"Can use account at a bank or financial institution without help if opened (% without an account, age 15+)",..,..
Cote d'Ivoire,CIV,Deposited money into a financial institution account 2 or more times a month (% age 15+),..,68.49
Cote d'Ivoire,CIV,Owns a debit card (% age 15+),7.08,14.12
Cote d'Ivoire,CIV,Owns a credit card (% age 15+),1.35,..
Cote d'Ivoire,CIV,Received digital payments (% age 15+),23.86,..
Croatia,HRV,Account (% age 15+),86.14,50.76
Croatia,HRV,Borrowed from a formal financial institution (% age 15+),38.06,4.09
Croatia,HRV,"Can use account at a bank or financial institution without help if opened (% without an account, age 15+)",..,43.94
Croatia,HRV,Deposited money into a financial institution account 2 or more times a month (% age 15+),..,..
Croatia,HRV,Owns a debit card (% age 15+),67.99,7.9
Croatia,HRV,Owns a credit card (% age 15+),35.47,2.33
Croatia,HRV,Received digital payments (% age 15+),70.91,27.53
Cyprus,CYP,Account (% age 15+),88.72,
Cyprus,CYP,Borrowed from a formal financial institution (% age 15+),24.87,22.14
Cyprus,CYP,"Can use account at a bank or financial institution without help if opened (% without an account, age 15+)",..,22.14
Cyprus,CYP,Deposited money into a financial institution account 2 or more times a month (% age 15+),..,..
Cyprus,CYP,Owns a debit card (% age 15+),57.65,2.07
Cyprus,CYP,Owns a credit card (% age 15+),22.94,67.53
Cyprus,CYP,Received digital payments (% age 15+),59.42,..
Czech Republic,CZE,Account (% age 15+),80.99,67.38
Czech Republic,CZE,Borrowed from a formal financial institution (% age 15+),29.52,..
Czech Republic,CZE,"Can use account at a bank or financial institution without help if opened (% without an account, age 15+)",..,..
Czech Republic,CZE,Deposited money into a financial institution account 2 or more times a month (% age 15+),..,57.77
Czech Republic,CZE,Owns a debit card (% age 15+),74.99,3.71
Czech Republic,CZE,Owns a credit card (% age 15+),25,0.78
Czech Republic,CZE,Received digital payments (% age 15+),68.05,32.48
Denmark,DNK,Account (% age 15+),99.92,..
Denmark,DNK,Borrowed from a formal financial institution (% age 15+),46.31,31.33
Denmark,DNK,"Can use account at a bank or financial institution without help if opened (% without an account, age 15+)",..,31.33
Denmark,DNK,Deposited money into a financial institution account 2 or more times a month (% age 15+),..,29.1
Denmark,DNK,Owns a debit card (% age 15+),97.36,..
Denmark,DNK,Owns a credit card (% age 15+),44.72,..
Denmark,DNK,Received digital payments (% age 15+),83.57,89.05
Djibouti,DJI,Account (% age 15+),..,76.36
Djibouti,DJI,Borrowed from a formal financial institution (% age 15+),..,..
Djibouti,DJI,"Can use account at a bank or financial institution without help if opened (% without an account, age 15+)",..,44.72
Djibouti,DJI,Deposited money into a financial institution account 2 or more times a month (% age 15+),..,..
Djibouti,DJI,Owns a debit card (% age 15+),..,..
Djibouti,DJI,Owns a credit card (% age 15+),..,..
Djibouti,DJI,Received digital payments (% age 15+),..,..
Dominican Republic,DOM,Account (% age 15+),56.24,..
Dominican Republic,DOM,Borrowed from a formal financial institution (% age 15+),30.29,..
Dominican Republic,DOM,"Can use account at a bank or financial institution without help if opened (% without an account, age 15+)",..,..
Dominican Republic,DOM,Deposited money into a financial institution account 2 or more times a month (% age 15+),..,..
Dominican Republic,DOM,Owns a debit card (% age 15+),32.43,..
Dominican Republic,DOM,Owns a credit card (% age 15+),16.43,..
Dominican Republic,DOM,Received digital payments (% age 15+),30.27,..
Ecuador,ECU,Account (% age 15+),51.25,..
Ecuador,ECU,Borrowed from a formal financial institution (% age 15+),16.66,38.88
Ecuador,ECU,"Can use account at a bank or financial institution without help if opened (% without an account, age 15+)",..,21.83
Ecuador,ECU,Deposited money into a financial institution account 2 or more times a month (% age 15+),..,12.97
Ecuador,ECU,Owns a debit card (% age 15+),28.42,13.2
Ecuador,ECU,Owns a credit card (% age 15+),8.66,14.17
Ecuador,ECU,Received digital payments (% age 15+),19.55,19.81
"Egypt, Arab Rep.",EGY,Account (% age 15+),32.78,29.32
"Egypt, Arab Rep.",EGY,Borrowed from a formal financial institution (% age 15+),8.76,64.18
"Egypt, Arab Rep.",EGY,"Can use account at a bank or financial institution without help if opened (% without an account, age 15+)",..,..
"Egypt, Arab Rep.",EGY,Deposited money into a financial institution account 2 or more times a month (% age 15+),..,..
"Egypt, Arab Rep.",EGY,Owns a debit card (% age 15+),24.76,4.97
"Egypt, Arab Rep.",EGY,Owns a credit card (% age 15+),3.33,15.87
"Egypt, Arab Rep.",EGY,Received digital payments (% age 15+),21.05,27.62
El Salvador,SLV,Account (% age 15+),30.35,14.07
El Salvador,SLV,Borrowed from a formal financial institution (% age 15+),11.55,
El Salvador,SLV,"Can use account at a bank or financial institution without help if opened (% without an account, age 15+)",..,24.07
El Salvador,SLV,Deposited money into a financial institution account 2 or more times a month (% age 15+),..,7.5
El Salvador,SLV,Owns a debit card (% age 15+),18.95,2.74
El Salvador,SLV,Owns a credit card (% age 15+),5.66,0.9
El Salvador,SLV,Received digital payments (% age 15+),14.74,5.67
Estonia,EST,Account (% age 15+),97.99,66.6
Estonia,EST,Borrowed from a formal financial institution (% age 15+),31.84,11.87
Estonia,EST,"Can use account at a bank or financial institution without help if opened (% without an account, age 15+)",..,23.08
Estonia,EST,Deposited money into a financial institution account 2 or more times a month (% age 15+),..,0.18
Estonia,EST,Owns a debit card (% age 15+),92.44,43.14
Estonia,EST,Owns a credit card (% age 15+),29.35,7.98
Estonia,EST,Received digital payments (% age 15+),86.71,9.85
Ethiopia,ETH,Account (% age 15+),34.83,25.84
Ethiopia,ETH,Borrowed from a formal financial institution (% age 15+),10.66,13.97
Ethiopia,ETH,"Can use account at a bank or financial institution without help if opened (% without an account, age 15+)",..,99.38
Ethiopia,ETH,Deposited money into a financial institution account 2 or more times a month (% age 15+),..,..
Ethiopia,ETH,Owns a debit card (% age 15+),4.32,1.35
Ethiopia,ETH,Owns a credit card (% age 15+),0.29,96.47
Ethiopia,ETH,Received digital payments (% age 15+),8.58,92.18
Finland,FIN,Account (% age 15+),99.79,..
Finland,FIN,Borrowed from a formal financial institution (% age 15+),54.2,92.96
Finland,FIN,"Can use account at a bank or financial institution without help if opened (% without an account, age 15+)",..,
Finland,FIN,Deposited money into a financial institution account 2 or more times a month (% age 15+),..,..
Finland,FIN,Owns a debit card (% age 15+),98.29,..
Finland,FIN,Owns a credit card (% age 15+),62.78,..
Finland,FIN,Received digital payments (% age 15+),75.8,..
France,FRA,Account (% age 15+),94,..
France,FRA,Borrowed from a formal financial institution (% age 15+),45.15,..
France,FRA,"Can use account at a bank or financial institution without help if opened (% without an account, age 15+)",..,..
France,FRA,Deposited money into a financial institution account 2 or more times a month (% age 15+),..,99.53
France,FRA,Owns a debit card (% age 15+),84.67,1.06
France,FRA,Owns a credit card (% age 15+),40.93,..
France,FRA,Received digital payments (% age 15+),68.3,92.68
Gabon,GAB,Account (% age 15+),58.6,..
Gabon,GAB,Borrowed from a formal financial institution (% age 15+),7.53,65.29
Gabon,GAB,"Can use account at a bank or financial institution without help if opened (% without an account, age 15+)",..,..
Gabon,GAB,Deposited money into a financial institution account 2 or more times a month (% age 15+),..,
Gabon,GAB,Owns a debit card (% age 15+),16.3,88.94
Gabon,GAB,Owns a credit card (% age 15+),5.89,0.54
Gabon,GAB,Received digital payments (% age 15+),38.09,0.63
"Gambia, The",GMB,Account (% age 15+),28.56,..
"Gambia, The",GMB,Borrowed from a formal financial institution (% age 15+),5.1,86.34
"Gambia, The",GMB,"Can use account at a bank or financial institution without help if opened (% without an account, age 15+)",..,52.24
"Gambia, The",GMB,Deposited money into a financial institution account 2 or more times a month (% age 15+),..,52.14
"Gambia, The",GMB,Owns a debit card (% age 15+),3.88,..
"Gambia, The",GMB,Owns a credit card (% age 15+),1.75,73.73
"Gambia, The",GMB,Received digital payments (% age 15+),12.94,..
Georgia,GEO,Account (% age 15+),61.23,..
Georgia,GEO,Borrowed from a formal financial institution (% age 15+),27.44,29.39
Georgia,GEO,"Can use account at a bank or financial institution without help if opened (% without an account, age 15+)",..,..
Georgia,GEO,Deposited money into a financial institution account 2 or more times a month (% age 15+),..,..
Georgia,GEO,Owns a debit card (% age 15+),39.9,..
Georgia,GEO,Owns a credit card (% age 15+),14.59,..
Georgia,GEO,Received digital payments (% age 15+),46.11,..
Germany,DEU,Account (% age 15+),99.14,..
Germany,DEU,Borrowed from a formal financial institution (% age 15+),54.63,..
Germany,DEU,"Can use account at a bank or financial institution without help if opened (% without an account, age 15+)",..,..
Germany,DEU,Deposited money into a financial institution account 2 or more times a month (% age 15+),..,..
Germany,DEU,Owns a debit card (% age 15+),90.64,70.47
Germany,DEU,Owns a credit card (% age 15+),52.54,62.45
Germany,DEU,Received digital payments (% age 15+),73.9,80.34
Ghana,GHA,Account (% age 15+),57.72,4.72
Ghana,GHA,Borrowed from a formal financial institution (% age 15+),11.6,7.04
Ghana,GHA,"Can use account at a bank or financial institution without help if opened (% without an account, age 15+)",..,42.28
Ghana,GHA,Deposited money into a financial institution account 2 or more times a month (% age 15+),..,13.1
Ghana,GHA,Owns a debit card (% age 15+),18.57,24.68
Ghana,GHA,Owns a credit card (% age 15+),5.75,99.98
Ghana,GHA,Received digital payments (% age 15+),35.76,..
Greece,GRC,Account (% age 15+),85.47,..
Greece,GRC,Borrowed from a formal financial institution (% age 15+),11.19,..
Greece,GRC,"Can use account at a bank or financial institution without help if opened (% without an account, age 15+)",..,..
Greece,GRC,Deposited money into a financial institution account 2 or more times a month (% age 15+),..,56.52
Greece,GRC,Owns a debit card (% age 15+),70.74,45.7
Greece,GRC,Owns a credit card (% age 15+),11.97,15.08
Greece,GRC,Received digital payments (% age 15+),60.06,24.76
Guatemala,GTM,Account (% age 15+),44.11,2.5
Guatemala,GTM,Borrowed from a formal financial institution (% age 15+),12.66,13.28
Guatemala,GTM,"Can use account at a bank or financial institution without help if opened (% without an account, age 15+)",..,42.53
Guatemala,GTM,Deposited money into a financial institution account 2 or more times a month (% age 15+),..,17.39
Guatemala,GTM,Owns a debit card (% age 15+),15.87,..
Guatemala,GTM,Owns a credit card (% age 15+),6.59,..
Guatemala,GTM,Received digital payments (% age 15+),15.58,94.88
Guinea,GIN,Account (% age 15+),23.49,91.34
Guinea,GIN,Borrowed from a formal financial institution (% age 15+),5.84,77.22
Guinea,GIN,"Can use account at a bank or financial institution without help if opened (% without an account, age 15+)",..,..
Guinea,GIN,Deposited money into a financial institution account 2 or more times a month (% age 15+),..,..
Guinea,GIN,Owns a debit card (% age 15+),6.51,..
Guinea,GIN,Owns a credit card (% age 15+),2.77,..
Guinea,GIN,Received digital payments (% age 15+),12.69,..
Haiti,HTI,Account (% age 15+),32.62,..
Haiti,HTI,Borrowed from a formal financial institution (% age 15+),12.86,..
Haiti,HTI,"Can use account at a bank or financial institution without help if opened (% without an account, age 15+)",..,..
Haiti,HTI,Deposited money into a financial institution account 2 or more times a month (% age 15+),..,..
Haiti,HTI,Owns a debit card (% age 15+),10.86,6.37
Haiti,HTI,Owns a credit card (% age 15+),6.89,5.56
Haiti,HTI,Received digital payments (% age 15+),18.61,12.84
Honduras,HND,Account (% age 15+),45.34,12.11
Honduras,HND,Borrowed from a formal financial institution (% age 15+),14.17,4.06
Honduras,HND,"Can use account at a bank or financial institution without help if opened (% without an account, age 15+)",..,33.55
Honduras,HND,Deposited money into a financial institution account 2 or more times a month (% age 15+),..,38.89
Honduras,HND,Owns a debit card (% age 15+),16.92,..
Honduras,HND,Owns a credit card (% age 15+),4.52,..
Honduras,HND,Received digital payments (% age 15+),20.14,..
"Hong Kong SAR, China",HKG,Account (% age 15+),95.28,..
"Hong Kong SAR, China",HKG,Borrowed from a formal financial institution (% age 15+),62.06,..
"Hong Kong SAR, China",HKG,"Can use account at a bank or financial institution without help if opened (% without an account, age 15+)",..,..
"Hong Kong SAR, China",HKG,Deposited money into a financial institution account 2 or more times a month (% age 15+),..,..
"Hong Kong SAR, China",HKG,Owns a debit card (% age 15+),82.88,6.82
"Hong Kong SAR, China",HKG,Owns a credit card (% age 15+),65.42,10.32
"Hong Kong SAR, China",HKG,Received digital payments (% age 15+),57.2,5.77
Hungary,HUN,Account (% age 15+),74.94,6.06
Hungary,HUN,Borrowed from a formal financial institution (% age 15+),15.93,1.61
Hungary,HUN,"Can use account at a bank or financial institution without help if opened (% without an account, age 15+)",..,3.94
Hungary,HUN,Deposited money into a financial institution account 2 or more times a month (% age 15+),..,26.71
Hungary,HUN,Owns a debit card (% age 15+),69.5,..
Hungary,HUN,Owns a credit card (% age 15+),13.13,51.93
Hungary,HUN,Received digital payments (% age 15+),54.39,..
Iceland,ISL,Account (% age 15+),..,..
Iceland,ISL,Borrowed from a formal financial institution (% age 15+),..,..
Iceland,ISL,"Can use account at a bank or financial institution without help if opened (% without an account, age 15+)",..,..
Iceland,ISL,Deposited money into a financial institution account 2 or more times a month (% age 15+),..,..
Iceland,ISL,Owns a debit card (% age 15+),..,18.92
Iceland,ISL,Owns a credit card (% age 15+),..,..
Iceland,ISL,Received digital payments (% age 15+),..,18.92
India,IND,Account (% age 15+),79.88,53.59
India,IND,Borrowed from a formal financial institution (% age 15+),8.15,1.16
India,IND,"Can use account at a bank or financial institution without help if opened (% without an account, age 15+)",..,85.97
India,IND,Deposited money into a financial institution account 2 or more times a month (% age 15+),..,64.86
India,IND,Owns a debit card (% age 15+),32.72,..
India,IND,Owns a credit card (% age 15+),3,73.36
India,IND,Received digital payments (% age 15+),16.46,67.68
Indonesia,IDN,Account (% age 15+),48.86,67.68
Indonesia,IDN,Borrowed from a formal financial institution (% age 15+),18.44,98.48
Indonesia,IDN,"Can use account at a bank or financial institution without help if opened (% without an account, age 15+)",..,0
Indonesia,IDN,Deposited money into a financial institution account 2 or more times a month (% age 15+),..,..
Indonesia,IDN,Owns a debit card (% age 15+),30.81,77.26
Indonesia,IDN,Owns a credit card (% age 15+),2.44,1.69
Indonesia,IDN,Received digital payments (% age 15+),21.4,11.14
"Iran, Islamic Rep.",IRN,Account (% age 15+),93.98,10.57
"Iran, Islamic Rep.",IRN,Borrowed from a formal financial institution (% age 15+),27.81,77.03
"Iran, Islamic Rep.",IRN,"Can use account at a bank or financial institution without help if opened (% without an account, age 15+)",..,31.01
"Iran, Islamic Rep.",IRN,Deposited money into a financial institution account 2 or more times a month (% age 15+),..,28.89
"Iran, Islamic Rep.",IRN,Owns a debit card (% age 15+),79.2,46.93
"Iran, Islamic Rep.",IRN,Owns a credit card (% age 15+),9.12,45.86
"Iran, Islamic Rep.",IRN,Received digital payments (% age 15+),65.18,13.22
Iraq,IRQ,Account (% age 15+),22.67,12.86
Iraq,IRQ,Borrowed from a formal financial institution (% age 15+),3.05,44.91
Iraq,IRQ,"Can use account at a bank or financial institution without help if opened (% without an account, age 15+)",..,17.23
Iraq,IRQ,Deposited money into a financial institution account 2 or more times a month (% age 15+),..,8.27
Iraq,IRQ,Owns a debit card (% age 15+),6.37,89.98
Iraq,IRQ,Owns a credit card (% age 15+),1.8,87.4
Iraq,IRQ,Received digital payments (% age 15+),10.72,0.91
Ireland,IRL,Account (% age 15+),95.34,24.41
Ireland,IRL,Borrowed from a formal financial institution (% age 15+),50.61,89.62
Ireland,IRL,"Can use account at a bank or financial institution without help if opened (% without an account, age 15+)",..,68.59
Ireland,IRL,Deposited money into a financial institution account 2 or more times a month (% age 15+),..,..
Ireland,IRL,Owns a debit card (% age 15+),84.75,
Ireland,IRL,Owns a credit card (% age 15+),50.86,18.57
Ireland,IRL,Received digital payments (% age 15+),66.43,16.28
Israel,ISR,Account (% age 15+),92.81,3.12
Israel,ISR,Borrowed from a formal financial institution (% age 15+),78.84,..
Israel,ISR,"Can use account at a bank or financial institution without help if opened (% without an account, age 15+)",..,15.7
Israel,ISR,Deposited money into a financial institution account 2 or more times a month (% age 15+),..,20.4
Israel,ISR,Owns a debit card (% age 15+),31.01,4.94
Israel,ISR,Owns a credit card (% age 15+),75.02,
Israel,ISR,Received digital payments (% age 15+),79.35,99.29
Italy,ITA,Account (% age 15+),93.79,54.1
Italy,ITA,Borrowed from a formal financial institution (% age 15+),45.67,..
Italy,ITA,"Can use account at a bank or financial institution without help if opened (% without an account, age 15+)",..,99.29
Italy,ITA,Deposited money into a financial institution account 2 or more times a month (% age 15+),..,89.45
Italy,ITA,Owns a debit card (% age 15+),84.6,..
Italy,ITA,Owns a credit card (% age 15+),42.48,60.52
Italy,ITA,Received digital payments (% age 15+),53.93,92.93
Jamaica,JAM,Account (% age 15+),..,..
Jamaica,JAM,Borrowed from a formal financial institution (% age 15+),..,38.19
Jamaica,JAM,"Can use account at a bank or financial institution without help if opened (% without an account, age 15+)",..,92.93
Jamaica,JAM,Deposited money into a financial institution account 2 or more times a month (% age 15+),..,..
Jamaica,JAM,Owns a debit card (% age 15+),..,78.36
Jamaica,JAM,Owns a credit card (% age 15+),..,..
Jamaica,JAM,Received digital payments (% age 15+),..,
Japan,JPN,Account (% age 15+),98.24,..
Japan,JPN,Borrowed from a formal financial institution (% age 15+),54.11,51.94
Japan,JPN,"Can use account at a bank or financial institution without help if opened (% without an account, age 15+)",..,27.76
Japan,JPN,Deposited money into a financial institution account 2 or more times a month (% age 15+),..,94.79
Japan,JPN,Owns a debit card (% age 15+),86.99,..
Japan,JPN,Owns a credit card (% age 15+),68.38,55.06
Japan,JPN,Received digital payments (% age 15+),79.8,60.31
Jordan,JOR,Account (% age 15+),42.49,67.69
Jordan,JOR,Borrowed from a formal financial institution (% age 15+),17.8,9.39
Jordan,JOR,"Can use account at a bank or financial institution without help if opened (% without an account, age 15+)",..,9.65
Jordan,JOR,Deposited money into a financial institution account 2 or more times a month (% age 15+),..,72.67
Jordan,JOR,Owns a debit card (% age 15+),30.76,11.81
Jordan,JOR,Owns a credit card (% age 15+),2.53,10.36
Jordan,JOR,Received digital payments (% age 15+),25.63,27.03
Kazakhstan,KAZ,Account (% age 15+),58.7,98.49
Kazakhstan,KAZ,Borrowed from a formal financial institution (% age 15+),28.2,61.19
Kazakhstan,KAZ,"Can use account at a bank or financial institution without help if opened (% without an account, age 15+)",..,..
Kazakhstan,KAZ,Deposited money into a financial institution account 2 or more times a month (% age 15+),..,26.09
Kazakhstan,KAZ,Owns a debit card (% age 15+),39.72,88.33
Kazakhstan,KAZ,Owns a credit card (% age 15+),19.97,69.66
Kazakhstan,KAZ,Received digital payments (% age 15+),43.39,87.34
Kenya,KEN,Account (% age 15+),81.57,
Kenya,KEN,Borrowed from a formal financial institution (% age 15+),19.24,7.56
Kenya,KEN,"Can use account at a bank or financial institution without help if opened (% without an account, age 15+)",..,7.56
Kenya,KEN,Deposited money into a financial institution account 2 or more times a month (% age 15+),..,5.44
Kenya,KEN,Owns a debit card (% age 15+),37.55,6.78
Kenya,KEN,Owns a credit card (% age 15+),5.69,32.43
Kenya,KEN,Received digital payments (% age 15+),60.86,..
"Korea, Rep.",KOR,Account (% age 15+),94.85,21.86
"Korea, Rep.",KOR,Borrowed from a formal financial institution (% age 15+),63.16,26.89
"Korea, Rep.",KOR,"Can use account at a bank or financial institution without help if opened (% without an account, age 15+)",..,26.89
"Korea, Rep.",KOR,Deposited money into a financial institution account 2 or more times a month (% age 15+),..,44.42
"Korea, Rep.",KOR,Owns a debit card (% age 15+),75.28,10.11
"Korea, Rep.",KOR,Owns a credit card (% age 15+),63.66,7.16
"Korea, Rep.",KOR,Received digital payments (% age 15+),61.03,20.86
Kosovo,XKX,Account (% age 15+),52.27,53.09
Kosovo,XKX,Borrowed from a formal financial institution (% age 15+),14.68,39.69
Kosovo,XKX,"Can use account at a bank or financial institution without help if opened (% without an account, age 15+)",..,22.17
Kosovo,XKX,Deposited money into a financial institution account 2 or more times a month (% age 15+),..,14.56
Kosovo,XKX,Owns a debit card (% age 15+),37.44,20.93
Kosovo,XKX,Owns a credit card (% age 15+),10.37,45.88
Kosovo,XKX,Received digital payments (% age 15+),28.42,22.42
Kuwait,KWT,Account (% age 15+),79.84,56.74
Kuwait,KWT,Borrowed from a formal financial institution (% age 15+),28.45,..
Kuwait,KWT,"Can use account at a bank or financial institution without help if opened (% without an account, age 15+)",..,54.76
Kuwait,KWT,Deposited money into a financial institution account 2 or more times a month (% age 15+),..,..
Kuwait,KWT,Owns a debit card (% age 15+),77.78,..
Kuwait,KWT,Owns a credit card (% age 15+),22.28,..
Kuwait,KWT,Received digital payments (% age 15+),58.52,..
Kyrgyz Republic,KGZ,Account (% age 15+),39.94,..
Kyrgyz Republic,KGZ,Borrowed from a formal financial institution (% age 15+),10.22,58.88
Kyrgyz Republic,KGZ,"Can use account at a bank or financial institution without help if opened (% without an account, age 15+)",..,20.7
Kyrgyz Republic,KGZ,Deposited money into a financial institution account 2 or more times a month (% age 15+),..,17.61
Kyrgyz Republic,KGZ,Owns a debit card (% age 15+),19.32,7.23
Kyrgyz Republic,KGZ,Owns a credit card (% age 15+),3.63,13.77
Kyrgyz Republic,KGZ,Received digital payments (% age 15+),22.56,22.7
Lao PDR,LAO,Account (% age 15+),29.06,12.88
Lao PDR,LAO,Borrowed from a formal financial institution (% age 15+),8.64,..
Lao PDR,LAO,"Can use account at a bank or financial institution without help if opened (% without an account, age 15+)",..,..
Lao PDR,LAO,Deposited money into a financial institution account 2 or more times a month (% age 15+),..,..
Lao PDR,LAO,Owns a debit card (% age 15+),12.65,..
Lao PDR,LAO,Owns a credit card (% age 15+),0.55,..
Lao PDR,LAO,Received digital payments (% age 15+),9.64,..
Latvia,LVA,Account (% age 15+),93.22,..
Latvia,LVA,Borrowed from a formal financial institution (% age 15+),18.99,45.09
Latvia,LVA,"Can use account at a bank or financial institution without help if opened (% without an account, age 15+)",..,1.29
Latvia,LVA,Deposited money into a financial institution account 2 or more times a month (% age 15+),..,23
Latvia,LVA,Owns a debit card (% age 15+),86.17,7.83
Latvia,LVA,Owns a credit card (% age 15+),16.67,11.37
Latvia,LVA,Received digital payments (% age 15+),84.71,17.99
Lebanon,LBN,Account (% age 15+),44.75,15.24
Lebanon,LBN,Borrowed from a formal financial institution (% age 15+),22.62,
Lebanon,LBN,"Can use account at a bank or financial institution without help if opened (% without an account, age 15+)",..,30.08
Lebanon,LBN,Deposited money into a financial institution account 2 or more times a month (% age 15+),..,9.18
Lebanon,LBN,Owns a debit card (% age 15+),34.8,5.7
Lebanon,LBN,Owns a credit card (% age 15+),14.94,2.13
Lebanon,LBN,Received digital payments (% age 15+),18.6,28.76
Lesotho,LSO,Account (% age 15+),45.56,51.58
Lesotho,LSO,Borrowed from a formal financial institution (% age 15+),5.57,6.59
Lesotho,LSO,"Can use account at a bank or financial institution without help if opened (% without an account, age 15+)",..,94.06
Lesotho,LSO,Deposited money into a financial institution account 2 or more times a month (% age 15+),..,..
Lesotho,LSO,Owns a debit card (% age 15+),20.45,86.44
Lesotho,LSO,Owns a credit card (% age 15+),3.44,..
Lesotho,LSO,Received digital payments (% age 15+),24.99,87.59
Liberia,LBR,Account (% age 15+),35.71,..
Liberia,LBR,Borrowed from a formal financial institution (% age 15+),8.09,..
Liberia,LBR,"Can use account at a bank or financial institution without help if opened (% without an account, age 15+)",..,20.7
Liberia,LBR,Deposited money into a financial institution account 2 or more times a month (% age 15+),..,..
Liberia,LBR,Owns a debit card (% age 15+),4.3,2.2
Liberia,LBR,Owns a credit card (% age 15+),1.26,38.99
Liberia,LBR,Received digital payments (% age 15+),17.71,1.65
Libya,LBY,Account (% age 15+),65.67,22.69
Libya,LBY,Borrowed from a formal financial institution (% age 15+),8.38,9.69
Libya,LBY,"Can use account at a bank or financial institution without help if opened (% without an account, age 15+)",..,
Libya,LBY,Deposited money into a financial institution account 2 or more times a month (% age 15+),..,..
Libya,LBY,Owns a debit card (% age 15+),23.2,..
Libya,LBY,Owns a credit card (% age 15+),10.3,..
Libya,LBY,Received digital payments (% age 15+),18.01,..
Lithuania,LTU,Account (% age 15+),82.88,..
Lithuania,LTU,Borrowed from a formal financial institution (% age 15+),20.67,..
Lithuania,LTU,"Can use account at a bank or financial institution without help if opened (% without an account, age 15+)",..,..
Lithuania,LTU,Deposited money into a financial institution account 2 or more times a month (% age 15+),..,51.63
Lithuania,LTU,Owns a debit card (% age 15+),55.69,8.6
Lithuania,LTU,Owns a credit card (% age 15+),16.29,5.06
Lithuania,LTU,Received digital payments (% age 15+),67.22,35.71
Luxembourg,LUX,Account (% age 15+),98.77,7.19
Luxembourg,LUX,Borrowed from a formal financial institution (% age 15+),72.15,3.47
Luxembourg,LUX,"Can use account at a bank or financial institution without help if opened (% without an account, age 15+)",..,23.71
Luxembourg,LUX,Deposited money into a financial institution account 2 or more times a month (% age 15+),..,
Luxembourg,LUX,Owns a debit card (% age 15+),89.54,..
Luxembourg,LUX,Owns a credit card (% age 15+),69.8,..
Luxembourg,LUX,Received digital payments (% age 15+),76.45,..
Madagascar,MDG,Account (% age 15+),17.87,..
Madagascar,MDG,Borrowed from a formal financial institution (% age 15+),3.81,..
Madagascar,MDG,"Can use account at a bank or financial institution without help if opened (% without an account, age 15+)",..,..
Madagascar,MDG,Deposited money into a financial institution account 2 or more times a month (% age 15+),..,..
Madagascar,MDG,Owns a debit card (% age 15+),3.25,..
Madagascar,MDG,Owns a credit card (% age 15+),0.96,87.33
Madagascar,MDG,Received digital payments (% age 15+),9.07,..
Malawi,MWI,Account (% age 15+),33.71,..
Malawi,MWI,Borrowed from a formal financial institution (% age 15+),8.6,..
Malawi,MWI,"Can use account at a bank or financial institution without help if opened (% without an account, age 15+)",..,..
Malawi,MWI,Deposited money into a financial institution account 2 or more times a month (% age 15+),..,..
Malawi,MWI,Owns a debit card (% age 15+),11.17,..
Malawi,MWI,Owns a credit card (% age 15+),1.29,..
Malawi,MWI,Received digital payments (% age 15+),18.85,..
Malaysia,MYS,Account (% age 15+),85.34,..
Malaysia,MYS,Borrowed from a formal financial institution (% age 15+),23.36,..
Malaysia,MYS,"Can use account at a bank or financial institution without help if opened (% without an account, age 15+)",..,..
Malaysia,MYS,Deposited money into a financial institution account 2 or more times a month (% age 15+),..,..
Malaysia,MYS,Owns a debit card (% age 15+),73.76,..
Malaysia,MYS,Owns a credit card (% age 15+),21.31,..
Malaysia,MYS,Received digital payments (% age 15+),44.34,..
Maldives,MDV,Account (% age 15+),79.55,..
Maldives,MDV,Borrowed from a formal financial institution (% age 15+),19.71,..
Maldives,MDV,"Can use account at a bank or financial institution without help if opened (% without an account, age 15+)",..,..
Maldives,MDV,Deposited money into a financial institution account 2 or more times a month (% age 15+),..,..
Maldives,MDV,Owns a debit card (% age 15+),70.94,..
Maldives,MDV,Owns a credit card (% age 15+),13.82,20.22
Maldives,MDV,Received digital payments (% age 15+),49.86,18.58
Mali,MLI,Account (% age 15+),35.42,0.82
Mali,MLI,Borrowed from a formal financial institution (% age 15+),8.04,26.78
Mali,MLI,"Can use account at a bank or financial institution without help if opened (% without an account, age 15+)",..,18.88
Mali,MLI,Deposited money into a financial institution account 2 or more times a month (% age 15+),..,0.97
Mali,MLI,Owns a debit card (% age 15+),9.51,13.61
Mali,MLI,Owns a credit card (% age 15+),6.66,31.99
Mali,MLI,Received digital payments (% age 15+),17.75,82.98
Malta,MLT,Account (% age 15+),97.36,3.96
Malta,MLT,Borrowed from a formal financial institution (% age 15+),43.23,0.79
Malta,MLT,"Can use account at a bank or financial institution without help if opened (% without an account, age 15+)",..,2.57
Malta,MLT,Deposited money into a financial institution account 2 or more times a month (% age 15+),..,83.25
Malta,MLT,Owns a debit card (% age 15+),86.32,..
Malta,MLT,Owns a credit card (% age 15+),47.11,..
Malta,MLT,Received digital payments (% age 15+),67.75,..
Mauritania,MRT,Account (% age 15+),20.87,..
Mauritania,MRT,Borrowed from a formal financial institution (% age 15+),9.25,..
Mauritania,MRT,"Can use account at a bank or financial institution without help if opened (% without an account, age 15+)",..,..
Mauritania,MRT,Deposited money into a financial institution account 2 or more times a month (% age 15+),..,..
Mauritania,MRT,Owns a debit card (% age 15+),9.95,11.13
Mauritania,MRT,Owns a credit card (% age 15+),3.31,31.97
Mauritania,MRT,Received digital payments (% age 15+),11.88,5.23
Mauritius,MUS,Account (% age 15+),89.84,26.54
Mauritius,MUS,Borrowed from a formal financial institution (% age 15+),22.88,10.03
Mauritius,MUS,"Can use account at a bank or financial institution without help if opened (% without an account, age 15+)",..,31.79
Mauritius,MUS,Deposited money into a financial institution account 2 or more times a month (% age 15+),..,59.26
Mauritius,MUS,Owns a debit card (% age 15+),73.8,..
Mauritius,MUS,Owns a credit card (% age 15+),24.12,27.59
Mauritius,MUS,Received digital payments (% age 15+),50.32,..
Mexico,MEX,Account (% age 15+),36.93,93.35
Mexico,MEX,Borrowed from a formal financial institution (% age 15+),11.83,..
Mexico,MEX,"Can use account at a bank or financial institution without help if opened (% without an account, age 15+)",..,..
Mexico,MEX,Deposited money into a financial institution account 2 or more times a month (% age 15+),..,..
Mexico,MEX,Owns a debit card (% age 15+),24.63,..
Mexico,MEX,Owns a credit card (% age 15+),9.53,..
Mexico,MEX,Received digital payments (% age 15+),20.94,..
Moldova,MDA,Account (% age 15+),43.79,..
Moldova,MDA,Borrowed from a formal financial institution (% age 15+),20.31,..
Moldova,MDA,"Can use account at a bank or financial institution without help if opened (% without an account, age 15+)",..,..
Moldova,MDA,Deposited money into a financial institution account 2 or more times a month (% age 15+),..,..
Moldova,MDA,Owns a debit card (% age 15+),24.8,15.06
Moldova,MDA,Owns a credit card (% age 15+),17.02,20.09
Moldova,MDA,Received digital payments (% age 15+),33.3,14.83
Mongolia,MNG,Account (% age 15+),92.97,23.17
Mongolia,MNG,Borrowed from a formal financial institution (% age 15+),30.37,6.85
Mongolia,MNG,"Can use account at a bank or financial institution without help if opened (% without an account, age 15+)",..,35.49
Mongolia,MNG,Deposited money into a financial institution account 2 or more times a month (% age 15+),..,1.59
Mongolia,MNG,Owns a debit card (% age 15+),75.7,..
Mongolia,MNG,Owns a credit card (% age 15+),3.21,..
Mongolia,MNG,Received digital payments (% age 15+),61.16,..
Montenegro,MNE,Account (% age 15+),68.36,..
Montenegro,MNE,Borrowed from a formal financial institution (% age 15+),23.75,..
Montenegro,MNE,"Can use account at a bank or financial institution without help if opened (% without an account, age 15+)",..,..
Montenegro,MNE,Deposited money into a financial institution account 2 or more times a month (% age 15+),..,..
Montenegro,MNE,Owns a debit card (% age 15+),36.4,13.18
Montenegro,MNE,Owns a credit card (% age 15+),16.68,11.32
Montenegro,MNE,Received digital payments (% age 15+),49,13.18
Morocco,MAR,Account (% age 15+),28.64,45.58
Morocco,MAR,Borrowed from a formal financial institution (% age 15+),2.64,3.54
Morocco,MAR,"Can use account at a bank or financial institution without help if opened (% without an account, age 15+)",..,70.81
Morocco,MAR,Deposited money into a financial institution account 2 or more times a month (% age 15+),..,26.85
Morocco,MAR,Owns a debit card (% age 15+),21.12,2.99
Morocco,MAR,Owns a credit card (% age 15+),0.19,35.48
Morocco,MAR,Received digital payments (% age 15+),13.03,31.86
Mozambique,MOZ,Account (% age 15+),41.67,31.86
Mozambique,MOZ,Borrowed from a formal financial institution (% age 15+),11.03,82.54
Mozambique,MOZ,"Can use account at a bank or financial institution without help if opened (% without an account, age 15+)",..,0.5
Mozambique,MOZ,Deposited money into a financial institution account 2 or more times a month (% age 15+),..,80.11
Mozambique,MOZ,Owns a debit card (% age 15+),19.84,..
Mozambique,MOZ,Owns a credit card (% age 15+),8.95,..
Mozambique,MOZ,Received digital payments (% age 15+),23.32,..
Myanmar,MMR,Account (% age 15+),25.99,..
Myanmar,MMR,Borrowed from a formal financial institution (% age 15+),19.09,..
Myanmar,MMR,"Can use account at a bank or financial institution without help if opened (% without an account, age 15+)",..,..
Myanmar,MMR,Deposited money into a financial institution account 2 or more times a month (% age 15+),..,..
Myanmar,MMR,Owns a debit card (% age 15+),4.88,33.93
Myanmar,MMR,Owns a credit card (% age 15+),0.06,..
Myanmar,MMR,Received digital payments (% age 15+),5.66,5.05
Namibia,NAM,Account (% age 15+),80.63,4.98
Namibia,NAM,Borrowed from a formal financial institution (% age 15+),16.94,31.27
Namibia,NAM,"Can use account at a bank or financial institution without help if opened (% without an account, age 15+)",..,17.7
Namibia,NAM,Deposited money into a financial institution account 2 or more times a month (% age 15+),..,8.56
Namibia,NAM,Owns a debit card (% age 15+),65.08,49.49
Namibia,NAM,Owns a credit card (% age 15+),15.38,34.48
Namibia,NAM,Received digital payments (% age 15+),60.07,7.99
Nepal,NPL,Account (% age 15+),45.39,6.6
Nepal,NPL,Borrowed from a formal financial institution (% age 15+),13.64,38.63
Nepal,NPL,"Can use account at a bank or financial institution without help if opened (% without an account, age 15+)",..,20.38
Nepal,NPL,Deposited money into a financial institution account 2 or more times a month (% age 15+),..,6.79
Nepal,NPL,Owns a debit card (% age 15+),8.73,
Nepal,NPL,Owns a credit card (% age 15+),0.67,47.79
Nepal,NPL,Received digital payments (% age 15+),11.08,..
Netherlands,NLD,Account (% age 15+),99.64,..
Netherlands,NLD,Borrowed from a formal financial institution (% age 15+),37.37,5.5
Netherlands,NLD,"Can use account at a bank or financial institution without help if opened (% without an account, age 15+)",..,..
Netherlands,NLD,Deposited money into a financial institution account 2 or more times a month (% age 15+),..,11.6
Netherlands,NLD,Owns a debit card (% age 15+),98.81,14.99
Netherlands,NLD,Owns a credit card (% age 15+),39.1,
Netherlands,NLD,Received digital payments (% age 15+),76.73,56.38
New Zealand,NZL,Account (% age 15+),99.18,23.4
New Zealand,NZL,Borrowed from a formal financial institution (% age 15+),66.48,27.32
New Zealand,NZL,"Can use account at a bank or financial institution without help if opened (% without an account, age 15+)",..,48.46
New Zealand,NZL,Deposited money into a financial institution account 2 or more times a month (% age 15+),..,50.31
New Zealand,NZL,Owns a debit card (% age 15+),96.18,43.28
New Zealand,NZL,Owns a credit card (% age 15+),60.87,32.22
New Zealand,NZL,Received digital payments (% age 15+),81.72,54
Nicaragua,NIC,Account (% age 15+),30.86,..
Nicaragua,NIC,Borrowed from a formal financial institution (% age 15+),13.43,43.02
Nicaragua,NIC,"Can use account at a bank or financial institution without help if opened (% without an account, age 15+)",..,52.8
Nicaragua,NIC,Deposited money into a financial institution account 2 or more times a month (% age 15+),..,50.47
Nicaragua,NIC,Owns a debit card (% age 15+),15.7,19.43
Nicaragua,NIC,Owns a credit card (% age 15+),4.94,17.67
Nicaragua,NIC,Received digital payments (% age 15+),16.08,
Niger,NER,Account (% age 15+),15.52,..
Niger,NER,Borrowed from a formal financial institution (% age 15+),3.8,23.81
Niger,NER,"Can use account at a bank or financial institution without help if opened (% without an account, age 15+)",..,60.53
Niger,NER,Deposited money into a financial institution account 2 or more times a month (% age 15+),..,99.33
Niger,NER,Owns a debit card (% age 15+),2.95,..
Niger,NER,Owns a credit card (% age 15+),2.05,76.06
Niger,NER,Received digital payments (% age 15+),8.62,69.86
Nigeria,NGA,Account (% age 15+),39.67,96.87
Nigeria,NGA,Borrowed from a formal financial institution (% age 15+),5.3,..
Nigeria,NGA,"Can use account at a bank or financial institution without help if opened (% without an account, age 15+)",..,..
Nigeria,NGA,Deposited money into a financial institution account 2 or more times a month (% age 15+),..,98.75
Nigeria,NGA,Owns a debit card (% age 15+),31.55,57.21
Nigeria,NGA,Owns a credit card (% age 15+),2.59,..
Nigeria,NGA,Received digital payments (% age 15+),22.84,..
North Macedonia,MKD,Account (% age 15+),76.57,26.03
North Macedonia,MKD,Borrowed from a formal financial institution (% age 15+),20.49,12.18
North Macedonia,MKD,"Can use account at a bank or financial institution without help if opened (% without an account, age 15+)",..,59.44
North Macedonia,MKD,Deposited money into a financial institution account 2 or more times a month (% age 15+),..,7.31
North Macedonia,MKD,Owns a debit card (% age 15+),53.3,11.92
North Macedonia,MKD,Owns a credit card (% age 15+),17.38,2.89
North Macedonia,MKD,Received digital payments (% age 15+),51.97,10.19
Norway,NOR,Account (% age 15+),99.75,
Norway,NOR,Borrowed from a formal financial institution (% age 15+),69.46,..
Norway,NOR,"Can use account at a bank or financial institution without help if opened (% without an account, age 15+)",..,..
Norway,NOR,Deposited money into a financial institution account 2 or more times a month (% age 15+),..,..
Norway,NOR,Owns a debit card (% age 15+),98.09,..
Norway,NOR,Owns a credit card (% age 15+),70.5,..
Norway,NOR,Received digital payments (% age 15+),89.86,..
Oman,OMN,Account (% age 15+),..,..
Oman,OMN,Borrowed from a formal financial institution (% age 15+),..,5.77
Oman,OMN,"Can use account at a bank or financial institution without help if opened (% without an account, age 15+)",..,5.63
Oman,OMN,Deposited money into a financial institution account 2 or more times a month (% age 15+),..,36.95
Oman,OMN,Owns a debit card (% age 15+),..,37.77
Oman,OMN,Owns a credit card (% age 15+),..,10.34
Oman,OMN,Received digital payments (% age 15+),..,1.61
Pakistan,PAK,Account (% age 15+),21.29,18.38
Pakistan,PAK,Borrowed from a formal financial institution (% age 15+),2.64,22.1
Pakistan,PAK,"Can use account at a bank or financial institution without help if opened (% without an account, age 15+)",..,22.1
Pakistan,PAK,Deposited money into a financial institution account 2 or more times a month (% age 15+),..,17.64
Pakistan,PAK,Owns a debit card (% age 15+),8.3,3.77
Pakistan,PAK,Owns a credit card (% age 15+),0.97,7.11
Pakistan,PAK,Received digital payments (% age 15+),8.51,52.63
Panama,PAN,Account (% age 15+),46.49,48.47
Panama,PAN,Borrowed from a formal financial institution (% age 15+),13.3,..
Panama,PAN,"Can use account at a bank or financial institution without help if opened (% without an account, age 15+)",..,55.15
Panama,PAN,Deposited money into a financial institution account 2 or more times a month (% age 15+),..,..
Panama,PAN,Owns a debit card (% age 15+),29.26,..
Panama,PAN,Owns a credit card (% age 15+),8,..
Panama,PAN,Received digital payments (% age 15+),21.19,..
Paraguay,PRY,Account (% age 15+),48.65,..
Paraguay,PRY,Borrowed from a formal financial institution (% age 15+),15.39,..
Paraguay,PRY,"Can use account at a bank or financial institution without help if opened (% without an account, age 15+)",..,..
Paraguay,PRY,Deposited money into a financial institution account 2 or more times a month (% age 15+),..,..
Paraguay,PRY,Owns a debit card (% age 15+),15.45,..
Paraguay,PRY,Owns a credit card (% age 15+),6.55,..
Paraguay,PRY,Received digital payments (% age 15+),28.18,..
Peru,PER,Account (% age 15+),42.6,..
Peru,PER,Borrowed from a formal financial institution (% age 15+),19.06,17.61
Peru,PER,"Can use account at a bank or financial institution without help if opened (% without an account, age 15+)",..,3.61
Peru,PER,Deposited money into a financial institution account 2 or more times a month (% age 15+),..,3.9
Peru,PER,Owns a debit card (% age 15+),27.92,1.07
Peru,PER,Owns a credit card (% age 15+),11.57,24.11
Peru,PER,Received digital payments (% age 15+),23.53,21.78
Philippines,PHL,Account (% age 15+),34.5,7.74
Philippines,PHL,Borrowed from a formal financial institution (% age 15+),10.7,44.97
Philippines,PHL,"Can use account at a bank or financial institution without help if opened (% without an account, age 15+)",..,..
Philippines,PHL,Deposited money into a financial institution account 2 or more times a month (% age 15+),..,8.21
Philippines,PHL,Owns a debit card (% age 15+),21.01,6.92
Philippines,PHL,Owns a credit card (% age 15+),1.94,19.27
Philippines,PHL,Received digital payments (% age 15+),20.13,37.96
Poland,POL,Account (% age 15+),86.73,17.86
Poland,POL,Borrowed from a formal financial institution (% age 15+),30.51,
Poland,POL,"Can use account at a bank or financial institution without help if opened (% without an account, age 15+)",..,46.46
Poland,POL,Deposited money into a financial institution account 2 or more times a month (% age 15+),..,13.83
Poland,POL,Owns a debit card (% age 15+),79.34,6.22
Poland,POL,Owns a credit card (% age 15+),16.52,3.05
Poland,POL,Received digital payments (% age 15+),61.5,23.35
Portugal,PRT,Account (% age 15+),92.34,56.22
Portugal,PRT,Borrowed from a formal financial institution (% age 15+),28.88,27.68
Portugal,PRT,"Can use account at a bank or financial institution without help if opened (% without an account, age 15+)",..,45.54
Portugal,PRT,Deposited money into a financial institution account 2 or more times a month (% age 15+),..,1.09
Portugal,PRT,Owns a debit card (% age 15+),82.92,59.04
Portugal,PRT,Owns a credit card (% age 15+),33.59,12.46
Portugal,PRT,Received digital payments (% age 15+),57.75,21.82
Puerto Rico,PRI,Account (% age 15+),..,17.47
Puerto Rico,PRI,Borrowed from a formal financial institution (% age 15+),..,29.94
Puerto Rico,PRI,"Can use account at a bank or financial institution without help if opened (% without an account, age 15+)",..,51.37
Puerto Rico,PRI,Deposited money into a financial institution account 2 or more times a month (% age 15+),..,..
Puerto Rico,PRI,Owns a debit card (% age 15+),..,4.63
Puerto Rico,PRI,Owns a credit card (% age 15+),..,53.51
Puerto Rico,PRI,Received digital payments (% age 15+),..,6.45
Qatar,QAT,Account (% age 15+),..,34.48
Qatar,QAT,Borrowed from a formal financial institution (% age 15+),..,28.5
Qatar,QAT,"Can use account at a bank or financial institution without help if opened (% without an account, age 15+)",..,
Qatar,QAT,Deposited money into a financial institution account 2 or more times a month (% age 15+),..,93.92
Qatar,QAT,Owns a debit card (% age 15+),..,..
Qatar,QAT,Owns a credit card (% age 15+),..,1.64
Qatar,QAT,Received digital payments (% age 15+),..,..
Romania,ROU,Account (% age 15+),57.75,..
Romania,ROU,Borrowed from a formal financial institution (% age 15+),19.86,..
Romania,ROU,"Can use account at a bank or financial institution without help if opened (% without an account, age 15+)",..,65.09
Romania,ROU,Deposited money into a financial institution account 2 or more times a month (% age 15+),..,92.65
Romania,ROU,Owns a debit card (% age 15+),49.36,1.09
Romania,ROU,Owns a credit card (% age 15+),11.72,..
Romania,ROU,Received digital payments (% age 15+),41.06,86.12
Russian Federation,RUS,Account (% age 15+),75.76,..
Russian Federation,RUS,Borrowed from a formal financial institution (% age 15+),23.03,38.54
Russian Federation,RUS,"Can use account at a bank or financial institution without help if opened (% without an account, age 15+)",..,..
Russian Federation,RUS,Deposited money into a financial institution account 2 or more times a month (% age 15+),..,
Russian Federation,RUS,Owns a debit card (% age 15+),56.57,..
Russian Federation,RUS,Owns a credit card (% age 15+),20.08,..
Russian Federation,RUS,Received digital payments (% age 15+),55.79,..
Rwanda,RWA,Account (% age 15+),50.02,..
Rwanda,RWA,Borrowed from a formal financial institution (% age 15+),8.09,..
Rwanda,RWA,"Can use account at a bank or financial institution without help if opened (% without an account, age 15+)",..,..
Rwanda,RWA,Deposited money into a financial institution account 2 or more times a month (% age 15+),..,..
Rwanda,RWA,Owns a debit card (% age 15+),4.7,..
Rwanda,RWA,Owns a credit card (% age 15+),0.73,..
Rwanda,RWA,Received digital payments (% age 15+),27.8,..
Saudi Arabia,SAU,Account (% age 15+),71.7,..
Saudi Arabia,SAU,Borrowed from a formal financial institution (% age 15+),21.08,..
Saudi Arabia,SAU,"Can use account at a bank or financial institution without help if opened (% without an account, age 15+)",..,..
Saudi Arabia,SAU,Deposited money into a financial institution account 2 or more times a month (% age 15+),..,..
Saudi Arabia,SAU,Owns a debit card (% age 15+),66.84,57.12
Saudi Arabia,SAU,Owns a credit card (% age 15+),16.27,..
Saudi Arabia,SAU,Received digital payments (% age 15+),33.97,4.67
Senegal,SEN,Account (% age 15+),42.34,67.69
Senegal,SEN,Borrowed from a formal financial institution (% age 15+),7.82,14.23
Senegal,SEN,"Can use account at a bank or financial institution without help if opened (% without an account, age 15+)",..,17.78
Senegal,SEN,Deposited money into a financial institution account 2 or more times a month (% age 15+),..,46.25
Senegal,SEN,Owns a debit card (% age 15+),9.57,88.71
Senegal,SEN,Owns a credit card (% age 15+),2.83,84.68
Senegal,SEN,Received digital payments (% age 15+),26.94,92.76
Serbia,SRB,Account (% age 15+),71.44,1.27
Serbia,SRB,Borrowed from a formal financial institution (% age 15+),19.7,2.76
Serbia,SRB,"Can use account at a bank or financial institution without help if opened (% without an account, age 15+)",..,65.3
Serbia,SRB,Deposited money into a financial institution account 2 or more times a month (% age 15+),..,..
Serbia,SRB,Owns a debit card (% age 15+),59.68,..
Serbia,SRB,Owns a credit card (% age 15+),17.62,..
Serbia,SRB,Received digital payments (% age 15+),57.05,..
Sierra Leone,SLE,Account (% age 15+),19.81,..
Sierra Leone,SLE,Borrowed from a formal financial institution (% age 15+),5.2,..
Sierra Leone,SLE,"Can use account at a bank or financial institution without help if opened (% without an account, age 15+)",..,..
Sierra Leone,SLE,Deposited money into a financial institution account 2 or more times a month (% age 15+),..,..
Sierra Leone,SLE,Owns a debit card (% age 15+),1.73,..
Sierra Leone,SLE,Owns a credit card (% age 15+),1.46,40.63
Sierra Leone,SLE,Received digital payments (% age 15+),12.04,66.61
Singapore,SGP,Account (% age 15+),97.93,0.45
Singapore,SGP,Borrowed from a formal financial institution (% age 15+),46.9,8.9
Singapore,SGP,"Can use account at a bank or financial institution without help if opened (% without an account, age 15+)",..,12.2
Singapore,SGP,Deposited money into a financial institution account 2 or more times a month (% age 15+),..,71.9
Singapore,SGP,Owns a debit card (% age 15+),91.85,40.71
Singapore,SGP,Owns a credit card (% age 15+),48.9,27.8
Singapore,SGP,Received digital payments (% age 15+),69.35,28.13
Slovak Republic,SVK,Account (% age 15+),84.18,50.72
Slovak Republic,SVK,Borrowed from a formal financial institution (% age 15+),29.61,11.6
Slovak Republic,SVK,"Can use account at a bank or financial institution without help if opened (% without an account, age 15+)",..,16.21
Slovak Republic,SVK,Deposited money into a financial institution account 2 or more times a month (% age 15+),..,23.93
Slovak Republic,SVK,Owns a debit card (% age 15+),76.08,14.13
Slovak Republic,SVK,Owns a credit card (% age 15+),22.14,62.62
Slovak Republic,SVK,Received digital payments (% age 15+),72.98,36.24
Slovenia,SVN,Account (% age 15+),97.53,..
Slovenia,SVN,Borrowed from a formal financial institution (% age 15+),40.2,27.18
Slovenia,SVN,"Can use account at a bank or financial institution without help if opened (% without an account, age 15+)",..,3.75
Slovenia,SVN,Deposited money into a financial institution account 2 or more times a month (% age 15+),..,13.65
Slovenia,SVN,Owns a debit card (% age 15+),94.02,4.69
Slovenia,SVN,Owns a credit card (% age 15+),42.17,5.3
Slovenia,SVN,Received digital payments (% age 15+),77.88,7.69
Somalia,SOM,Account (% age 15+),..,9.87
Somalia,SOM,Borrowed from a formal financial institution (% age 15+),..,3.09
Somalia,SOM,"Can use account at a bank or financial institution without help if opened (% without an account, age 15+)",..,16.53
Somalia,SOM,Deposited money into a financial institution account 2 or more times a month (% age 15+),..,25.31
Somalia,SOM,Owns a debit card (% age 15+),..,42.82
Somalia,SOM,Owns a credit card (% age 15+),..,..
Somalia,SOM,Received digital payments (% age 15+),..,..
South Africa,ZAF,Account (% age 15+),69.22,97.19
South Africa,ZAF,Borrowed from a formal financial institution (% age 15+),13.5,88.18
South Africa,ZAF,"Can use account at a bank or financial institution without help if opened (% without an account, age 15+)",..,82.98
South Africa,ZAF,Deposited money into a financial institution account 2 or more times a month (% age 15+),..,..
South Africa,ZAF,Owns a debit card (% age 15+),34.13,31.45
South Africa,ZAF,Owns a credit card (% age 15+),8.87,34.41
South Africa,ZAF,Received digital payments (% age 15+),48.82,31.45
South Sudan,SSD,Account (% age 15+),8.57,47.82
South Sudan,SSD,Borrowed from a formal financial institution (% age 15+),3.35,1.05
South Sudan,SSD,"Can use account at a bank or financial institution without help if opened (% without an account, age 15+)",..,66.2
South Sudan,SSD,Deposited money into a financial institution account 2 or more times a month (% age 15+),..,..
South Sudan,SSD,Owns a debit card (% age 15+),2.35,..
South Sudan,SSD,Owns a credit card (% age 15+),1.44,31.46
South Sudan,SSD,Received digital payments (% age 15+),5.81,..
Spain,ESP,Account (% age 15+),93.76,..
Spain,ESP,Borrowed from a formal financial institution (% age 15+),50.17,..
Spain,ESP,"Can use account at a bank or financial institution without help if opened (% without an account, age 15+)",..,..
Spain,ESP,Deposited money into a financial institution account 2 or more times a month (% age 15+),..,..
Spain,ESP,Owns a debit card (% age 15+),84.8,..
Spain,ESP,Owns a credit card (% age 15+),53.88,..
Spain,ESP,Received digital payments (% age 15+),55.64,..
Sri Lanka,LKA,Account (% age 15+),73.65,..
Sri Lanka,LKA,Borrowed from a formal financial institution (% age 15+),17.37,..
Sri Lanka,LKA,"Can use account at a bank or financial institution without help if opened (% without an account, age 15+)",..,..
Sri Lanka,LKA,Deposited money into a financial institution account 2 or more times a month (% age 15+),..,..
Sri Lanka,LKA,Owns a debit card (% age 15+),32.26,2.96
Sri Lanka,LKA,Owns a credit card (% age 15+),5.34,18.99
Sri Lanka,LKA,Received digital payments (% age 15+),21.59,10.96
Sudan,SDN,Account (% age 15+),..,10.81
Sudan,SDN,Borrowed from a formal financial institution (% age 15+),..,64.23
Sudan,SDN,"Can use account at a bank or financial institution without help if opened (% without an account, age 15+)",..,5.46
Sudan,SDN,Deposited money into a financial institution account 2 or more times a month (% age 15+),..,51.4
Sudan,SDN,Owns a debit card (% age 15+),..,4.46
Sudan,SDN,Owns a credit card (% age 15+),..,..
Sudan,SDN,Received digital payments (% age 15+),..,1.13
Sweden,SWE,Account (% age 15+),99.74,1.13
Sweden,SWE,Borrowed from a formal financial institution (% age 15+),43.74,4.28
Sweden,SWE,"Can use account at a bank or financial institution without help if opened (% without an account, age 15+)",..,1.1
Sweden,SWE,Deposited money into a financial institution account 2 or more times a month (% age 15+),..,..
Sweden,SWE,Owns a debit card (% age 15+),98.24,97.93
Sweden,SWE,Owns a credit card (% age 15+),44.98,..
Sweden,SWE,Received digital payments (% age 15+),87.51,51.91
Switzerland,CHE,Account (% age 15+),98.43,51.91
Switzerland,CHE,Borrowed from a formal financial institution (% age 15+),62.39,97.93
Switzerland,CHE,"Can use account at a bank or financial institution without help if opened (% without an account, age 15+)",..,0.3
Switzerland,CHE,Deposited money into a financial institution account 2 or more times a month (% age 15+),..,0.27
Switzerland,CHE,Owns a debit card (% age 15+),88.46,89.27
Switzerland,CHE,Owns a credit card (% age 15+),65.47,87.08
Switzerland,CHE,Received digital payments (% age 15+),67.45,..
Syrian Arab Republic,SYR,Account (% age 15+),..,20.96
Syrian Arab Republic,SYR,Borrowed from a formal financial institution (% age 15+),..,88.93
Syrian Arab Republic,SYR,"Can use account at a bank or financial institution without help if opened (% without an account, age 15+)",..,52.94
Syrian Arab Republic,SYR,Deposited money into a financial institution account 2 or more times a month (% age 15+),..,..
Syrian Arab Republic,SYR,Owns a debit card (% age 15+),..,
Syrian Arab Republic,SYR,Owns a credit card (% age 15+),..,..
Syrian Arab Republic,SYR,Received digital payments (% age 15+),..,..
"Taiwan, China",TWN,Account (% age 15+),94.18,..
"Taiwan, China",TWN,Borrowed from a formal financial institution (% age 15+),52.1,..
"Taiwan, China",TWN,"Can use account at a bank or financial institution without help if opened (% without an account, age 15+)",..,..
"Taiwan, China",TWN,Deposited money into a financial institution account 2 or more times a month (% age 15+),..,..
"Taiwan, China",TWN,Owns a debit card (% age 15+),74.44,..
"Taiwan, China",TWN,Owns a credit card (% age 15+),53.46,
"Taiwan, China",TWN,Received digital payments (% age 15+),51.96,99.22
Tajikistan,TJK,Account (% age 15+),47.02,48.69
Tajikistan,TJK,Borrowed from a formal financial institution (% age 15+),15.48,..
Tajikistan,TJK,"Can use account at a bank or financial institution without help if opened (% without an account, age 15+)",..,99.22
Tajikistan,TJK,Deposited money into a financial institution account 2 or more times a month (% age 15+),..,95.28
Tajikistan,TJK,Owns a debit card (% age 15+),15.86,..
Tajikistan,TJK,Owns a credit card (% age 15+),5.68,88.59
Tajikistan,TJK,Received digital payments (% age 15+),28.45,99.49
Tanzania,TZA,Account (% age 15+),46.75,..
Tanzania,TZA,Borrowed from a formal financial institution (% age 15+),5.29,..
Tanzania,TZA,"Can use account at a bank or financial institution without help if opened (% without an account, age 15+)",..,99.49
Tanzania,TZA,Deposited money into a financial institution account 2 or more times a month (% age 15+),..,..
Tanzania,TZA,Owns a debit card (% age 15+),13.27,46
Tanzania,TZA,Owns a credit card (% age 15+),0.54,..
Tanzania,TZA,Received digital payments (% age 15+),29.05,
Thailand,THA,Account (% age 15+),81.59,..
Thailand,THA,Borrowed from a formal financial institution (% age 15+),20.4,..
Thailand,THA,"Can use account at a bank or financial institution without help if opened (% without an account, age 15+)",..,..
Thailand,THA,Deposited money into a financial institution account 2 or more times a month (% age 15+),..,..
Thailand,THA,Owns a debit card (% age 15+),59.85,..
Thailand,THA,Owns a credit card (% age 15+),9.8,..
Thailand,THA,Received digital payments (% age 15+),47.93,..
Togo,TGO,Account (% age 15+),45.29,92.98
Togo,TGO,Borrowed from a formal financial institution (% age 15+),9.14,..
Togo,TGO,"Can use account at a bank or financial institution without help if opened (% without an account, age 15+)",..,..
Togo,TGO,Deposited money into a financial institution account 2 or more times a month (% age 15+),..,94.71
Togo,TGO,Owns a debit card (% age 15+),13.45,63.77
Togo,TGO,Owns a credit card (% age 15+),3.51,..
Togo,TGO,Received digital payments (% age 15+),18.24,..
Trinidad and Tobago,TTO,Account (% age 15+),80.78,39.49
Trinidad and Tobago,TTO,Borrowed from a formal financial institution (% age 15+),27.49,12.42
Trinidad and Tobago,TTO,"Can use account at a bank or financial institution without help if opened (% without an account, age 15+)",..,41.37
Trinidad and Tobago,TTO,Deposited money into a financial institution account 2 or more times a month (% age 15+),..,3.25
Trinidad and Tobago,TTO,Owns a debit card (% age 15+),60.8,15.4
Trinidad and Tobago,TTO,Owns a credit card (% age 15+),15.96,2.19
Trinidad and Tobago,TTO,Received digital payments (% age 15+),46.06,19.89
Tunisia,TUN,Account (% age 15+),36.91,
Tunisia,TUN,Borrowed from a formal financial institution (% age 15+),11.73,8.69
Tunisia,TUN,"Can use account at a bank or financial institution without help if opened (% without an account, age 15+)",..,1.88
Tunisia,TUN,Deposited money into a financial institution account 2 or more times a month (% age 15+),..,27.91
Tunisia,TUN,Owns a debit card (% age 15+),23.46,9.43
Tunisia,TUN,Owns a credit card (% age 15+),7.13,13.1
Tunisia,TUN,Received digital payments (% age 15+),21.62,0.25
Turkiye,TUR,Account (% age 15+),68.59,19.63
Turkiye,TUR,Borrowed from a formal financial institution (% age 15+),42.84,..
Turkiye,TUR,"Can use account at a bank or financial institution without help if opened (% without an account, age 15+)",..,..
Turkiye,TUR,Deposited money into a financial institution account 2 or more times a month (% age 15+),..,..
Turkiye,TUR,Owns a debit card (% age 15+),62.99,..
Turkiye,TUR,Owns a credit card (% age 15+),41.6,..
Turkiye,TUR,Received digital payments (% age 15+),49.15,22.61
Turkmenistan,TKM,Account (% age 15+),40.58,..
Turkmenistan,TKM,Borrowed from a formal financial institution (% age 15+),6.84,8.19
Turkmenistan,TKM,"Can use account at a bank or financial institution without help if opened (% without an account, age 15+)",..,7.42
Turkmenistan,TKM,Deposited money into a financial institution account 2 or more times a month (% age 15+),..,5.99
Turkmenistan,TKM,Owns a debit card (% age 15+),37.93,34.97
Turkmenistan,TKM,Owns a credit card (% age 15+),0,56.95
Turkmenistan,TKM,Received digital payments (% age 15+),31.63,7
Uganda,UGA,Account (% age 15+),59.2,25.29
Uganda,UGA,Borrowed from a formal financial institution (% age 15+),14.67,..
Uganda,UGA,"Can use account at a bank or financial institution without help if opened (% without an account, age 15+)",..,..
Uganda,UGA,Deposited money into a financial institution account 2 or more times a month (% age 15+),..,..
Uganda,UGA,Owns a debit card (% age 15+),16.57,..
Uganda,UGA,Owns a credit card (% age 15+),2.32,..
Uganda,UGA,Received digital payments (% age 15+),39.67,..
Ukraine,UKR,Account (% age 15+),62.9,..
Ukraine,UKR,Borrowed from a formal financial institution (% age 15+),21.76,31.53
Ukraine,UKR,"Can use account at a bank or financial institution without help if opened (% without an account, age 15+)",..,7.19
Ukraine,UKR,Deposited money into a financial institution account 2 or more times a month (% age 15+),..,9.89
Ukraine,UKR,Owns a debit card (% age 15+),49.42,7.96
Ukraine,UKR,Owns a credit card (% age 15+),26.68,13.67
Ukraine,UKR,Received digital payments (% age 15+),52.33,48.79
United Arab Emirates,ARE,Account (% age 15+),88.21,2.38
United Arab Emirates,ARE,Borrowed from a formal financial institution (% age 15+),46.13,61.37
United Arab Emirates,ARE,"Can use account at a bank or financial institution without help if opened (% without an account, age 15+)",..,38.03
United Arab Emirates,ARE,Deposited money into a financial institution account 2 or more times a month (% age 15+),..,28.01
United Arab Emirates,ARE,Owns a debit card (% age 15+),82.86,44.77
United Arab Emirates,ARE,Owns a credit card (% age 15+),45.44,6.27
United Arab Emirates,ARE,Received digital payments (% age 15+),67.41,12.92
United Kingdom,GBR,Account (% age 15+),96.37,58.87
United Kingdom,GBR,Borrowed from a formal financial institution (% age 15+),64.75,..
United Kingdom,GBR,"Can use account at a bank or financial institution without help if opened (% without an account, age 15+)",..,..
United Kingdom,GBR,Deposited money into a financial institution account 2 or more times a month (% age 15+),..,..
United Kingdom,GBR,Owns a debit card (% age 15+),91.45,..
United Kingdom,GBR,Owns a credit card (% age 15+),65.37,..
United Kingdom,GBR,Received digital payments (% age 15+),75.51,..
United States,USA,Account (% age 15+),93.12,..
United States,USA,Borrowed from a formal financial institution (% age 15+),68.36,
United States,USA,"Can use account at a bank or financial institution without help if opened (% without an account, age 15+)",..,61.24
United States,USA,Deposited money into a financial institution account 2 or more times a month (% age 15+),..,29
United States,USA,Owns a debit card (% age 15+),80.23,10.44
United States,USA,Owns a credit card (% age 15+),65.6,7.87
United States,USA,Received digital payments (% age 15+),64.98,25.26
Uruguay,URY,Account (% age 15+),63.87,51.86
Uruguay,URY,Borrowed from a formal financial institution (% age 15+),43.44,30.58
Uruguay,URY,"Can use account at a bank or financial institution without help if opened (% without an account, age 15+)",..,79.73
Uruguay,URY,Deposited money into a financial institution account 2 or more times a month (% age 15+),..,..
Uruguay,URY,Owns a debit card (% age 15+),55.85,77.22
Uruguay,URY,Owns a credit card (% age 15+),40.59,..
Uruguay,URY,Received digital payments (% age 15+),38.74,58.54
Uzbekistan,UZB,Account (% age 15+),37.09,3.46
Uzbekistan,UZB,Borrowed from a formal financial institution (% age 15+),2.36,..
Uzbekistan,UZB,"Can use account at a bank or financial institution without help if opened (% without an account, age 15+)",..,85.74
Uzbekistan,UZB,Deposited money into a financial institution account 2 or more times a month (% age 15+),..,..
Uzbekistan,UZB,Owns a debit card (% age 15+),24.15,6.52
Uzbekistan,UZB,Owns a credit card (% age 15+),0.59,57.71
Uzbekistan,UZB,Received digital payments (% age 15+),25.82,..
"Venezuela, RB",VEN,Account (% age 15+),73.49,5.33
"Venezuela, RB",VEN,Borrowed from a formal financial institution (% age 15+),27.66,17.9
"Venezuela, RB",VEN,"Can use account at a bank or financial institution without help if opened (% without an account, age 15+)",..,
"Venezuela, RB",VEN,Deposited money into a financial institution account 2 or more times a month (% age 15+),..,99.57
"Venezuela, RB",VEN,Owns a debit card (% age 15+),66.07,..
"Venezuela, RB",VEN,Owns a credit card (% age 15+),28.85,0.18
"Venezuela, RB",VEN,Received digital payments (% age 15+),46.32,..
Vietnam,VNM,Account (% age 15+),30.8,..
Vietnam,VNM,Borrowed from a formal financial institution (% age 15+),21.72,..
Vietnam,VNM,"Can use account at a bank or financial institution without help if opened (% without an account, age 15+)",..,65.06
Vietnam,VNM,Deposited money into a financial institution account 2 or more times a month (% age 15+),..,94.95
Vietnam,VNM,Owns a debit card (% age 15+),26.74,0.34
Vietnam,VNM,Owns a credit card (% age 15+),4.12,..
Vietnam,VNM,Received digital payments (% age 15+),14.92,95.43
West Bank and Gaza,PSE,Account (% age 15+),25.02,..
West Bank and Gaza,PSE,Borrowed from a formal financial institution (% age 15+),7.2,66.7
West Bank and Gaza,PSE,"Can use account at a bank or financial institution without help if opened (% without an account, age 15+)",..,..
West Bank and Gaza,PSE,Deposited money into a financial institution account 2 or more times a month (% age 15+),..,
West Bank and Gaza,PSE,Owns a debit card (% age 15+),14.44,86.92
West Bank and Gaza,PSE,Owns a credit card (% age 15+),3.04,3.43
West Bank and Gaza,PSE,Received digital payments (% age 15+),8.91,2.92
"Yemen, Rep.",YEM,Account (% age 15+),..,30.64
"Yemen, Rep.",YEM,Borrowed from a formal financial institution (% age 15+),..,66.28
"Yemen, Rep.",YEM,"Can use account at a bank or financial institution without help if opened (% without an account, age 15+)",..,43.81
"Yemen, Rep.",YEM,Deposited money into a financial institution account 2 or more times a month (% age 15+),..,41.69
"Yemen, Rep.",YEM,Owns a debit card (% age 15+),..,44.9
"Yemen, Rep.",YEM,Owns a credit card (% age 15+),..,58.98
"Yemen, Rep.",YEM,Received digital payments (% age 15+),..,0.61
Zambia,ZMB,Account (% age 15+),45.86,32.82
Zambia,ZMB,Borrowed from a formal financial institution (% age 15+),10.41,19.08
Zambia,ZMB,"Can use account at a bank or financial institution without help if opened (% without an account, age 15+)",..,1.54
Zambia,ZMB,Deposited money into a financial institution account 2 or more times a month (% age 15+),..,22.19
Zambia,ZMB,Owns a debit card (% age 15+),19.56,78.21
Zambia,ZMB,Owns a credit card (% age 15+),4.27,..
Zambia,ZMB,Received digital payments (% age 15+),28.79,2.89
Zimbabwe,ZWE,Account (% age 15+),55.29,80.88
Zimbabwe,ZWE,Borrowed from a formal financial institution (% age 15+),4.72,8.8
Zimbabwe,ZWE,"Can use account at a bank or financial institution without help if opened (% without an account, age 15+)",..,18.54
Zimbabwe,ZWE,Deposited money into a financial institution account 2 or more times a month (% age 15+),..,55.6
Zimbabwe,ZWE,Owns a debit card (% age 15+),21.95,..
Zimbabwe,ZWE,Owns a credit card (% age 15+),1.34,..
Zimbabwe,ZWE,Received digital payments (% age 15+),39.19,..
Arab World,ARB,Account (% age 15+),37.23,..
Arab World,ARB,Borrowed from a formal financial institution (% age 15+),8.14,..
Arab World,ARB,"Can use account at a bank or financial institution without help if opened (% without an account, age 15+)",..,..
Arab World,ARB,Deposited money into a financial institution account 2 or more times a month (% age 15+),..,..
Arab World,ARB,Owns a debit card (% age 15+),27.02,4.11
Arab World,ARB,Owns a credit card (% age 15+),4.67,33.18
Arab World,ARB,Received digital payments (% age 15+),19.18,33.3
East Asia & Pacific,EAS,Account (% age 15+),73.39,6.74
East Asia & Pacific,EAS,Borrowed from a formal financial institution (% age 15+),24.85,14.99
East Asia & Pacific,EAS,"Can use account at a bank or financial institution without help if opened (% without an account, age 15+)",..,11.62
East Asia & Pacific,EAS,Deposited money into a financial institution account 2 or more times a month (% age 15+),..,3.58
East Asia & Pacific,EAS,Owns a debit card (% age 15+),59.21,..
East Asia & Pacific,EAS,Owns a credit card (% age 15+),20.71,..
East Asia & Pacific,EAS,Received digital payments (% age 15+),36.32,..
East Asia & Pacific (excluding high income),EAP,Account (% age 15+),70.37,..
East Asia & Pacific (excluding high income),EAP,Borrowed from a formal financial institution (% age 15+),20.76,..
East Asia & Pacific (excluding high income),EAP,"Can use account at a bank or financial institution without help if opened (% without an account, age 15+)",..,..
East Asia & Pacific (excluding high income),EAP,Deposited money into a financial institution account 2 or more times a month (% age 15+),..,..
East Asia & Pacific (excluding high income),EAP,Owns a debit card (% age 15+),56.1,40.42
East Asia & Pacific (excluding high income),EAP,Owns a credit card (% age 15+),15.16,28.44
East Asia & Pacific (excluding high income),EAP,Received digital payments (% age 15+),31.76,23.84
Euro area,EMU,Account (% age 15+),95.3,23.46
Euro area,EMU,Borrowed from a formal financial institution (% age 15+),45.97,8.42
Euro area,EMU,"Can use account at a bank or financial institution without help if opened (% without an account, age 15+)",..,24.56
Euro area,EMU,Deposited money into a financial institution account 2 or more times a month (% age 15+),..,10.64
Euro area,EMU,Owns a debit card (% age 15+),86.65,1.03
Euro area,EMU,Owns a credit card (% age 15+),44.79,33.47
Euro area,EMU,Received digital payments (% age 15+),65.85,5.18
Europe & Central Asia,ECS,Account (% age 15+),81.49,21.77
Europe & Central Asia,ECS,Borrowed from a formal financial institution (% age 15+),36.8,37.31
Europe & Central Asia,ECS,"Can use account at a bank or financial institution without help if opened (% without an account, age 15+)",..,17.85
Europe & Central Asia,ECS,Deposited money into a financial institution account 2 or more times a month (% age 15+),..,60.26
Europe & Central Asia,ECS,Owns a debit card (% age 15+),70.96,..
Europe & Central Asia,ECS,Owns a credit card (% age 15+),34.51,8.59
Europe & Central Asia,ECS,Received digital payments (% age 15+),59.16,..
Europe & Central Asia (excluding high income),ECA,Account (% age 15+),65.14,31.05
Europe & Central Asia (excluding high income),ECA,Borrowed from a formal financial institution (% age 15+),24.14,..
Europe & Central Asia (excluding high income),ECA,"Can use account at a bank or financial institution without help if opened (% without an account, age 15+)",..,..
Europe & Central Asia (excluding high income),ECA,Deposited money into a financial institution account 2 or more times a month (% age 15+),..,..
Europe & Central Asia (excluding high income),ECA,Owns a debit card (% age 15+),51.05,36.43
Europe & Central Asia (excluding high income),ECA,Owns a credit card (% age 15+),21.36,..
Europe & Central Asia (excluding high income),ECA,Received digital payments (% age 15+),48.42,..
High income,HIC,Account (% age 15+),93.67,82.16
High income,HIC,Borrowed from a formal financial institution (% age 15+),55,72.77
High income,HIC,"Can use account at a bank or financial institution without help if opened (% without an account, age 15+)",..,66.06
High income,HIC,Deposited money into a financial institution account 2 or more times a month (% age 15+),..,..
High income,HIC,Owns a debit card (% age 15+),83.14,26.38
High income,HIC,Owns a credit card (% age 15+),54.81,32.94
High income,HIC,Received digital payments (% age 15+),66.96,26.16
Latin America & Caribbean,LCN,Account (% age 15+),55.24,26.42
Latin America & Caribbean,LCN,Borrowed from a formal financial institution (% age 15+),21.35,3.6
Latin America & Caribbean,LCN,"Can use account at a bank or financial institution without help if opened (% without an account, age 15+)",..,56.89
Latin America & Caribbean,LCN,Deposited money into a financial institution account 2 or more times a month (% age 15+),..,7.86
Latin America & Caribbean,LCN,Owns a debit card (% age 15+),41.56,..
Latin America & Caribbean,LCN,Owns a credit card (% age 15+),18.8,44.8
Latin America & Caribbean,LCN,Received digital payments (% age 15+),30.4,..
Latin America & Caribbean (excluding high income),LAC,Account (% age 15+),54.49,0
Latin America & Caribbean (excluding high income),LAC,Borrowed from a formal financial institution (% age 15+),20.88,..
Latin America & Caribbean (excluding high income),LAC,"Can use account at a bank or financial institution without help if opened (% without an account, age 15+)",..,..
Latin America & Caribbean (excluding high income),LAC,Deposited money into a financial institution account 2 or more times a month (% age 15+),..,80.13
Latin America & Caribbean (excluding high income),LAC,Owns a debit card (% age 15+),40.81,39.51
Latin America & Caribbean (excluding high income),LAC,Owns a credit card (% age 15+),18.3,..
Latin America & Caribbean (excluding high income),LAC,Received digital payments (% age 15+),29.81,39.32
Low & middle income,LMY,Account (% age 15+),62.98,..
Low & middle income,LMY,Borrowed from a formal financial institution (% age 15+),15.12,1.47
Low & middle income,LMY,"Can use account at a bank or financial institution without help if opened (% without an account, age 15+)",..,79.68
Low & middle income,LMY,Deposited money into a financial institution account 2 or more times a month (% age 15+),..,..
Low & middle income,LMY,Owns a debit card (% age 15+),39.84,1.16
Low & middle income,LMY,Owns a credit card (% age 15+),10.07,28.86
Low & middle income,LMY,Received digital payments (% age 15+),26.86,24.58
Low income,LIC,Account (% age 15+),31.53,24.35
Low income,LIC,Borrowed from a formal financial institution (% age 15+),7.68,82.47
Low income,LIC,"Can use account at a bank or financial institution without help if opened (% without an account, age 15+)",..,3.06
Low income,LIC,Deposited money into a financial institution account 2 or more times a month (% age 15+),..,..
Low income,LIC,Owns a debit card (% age 15+),7.22,..
Low income,LIC,Owns a credit card (% age 15+),2.09,0.04
Low income,LIC,Received digital payments (% age 15+),15.13,..
Lower middle income,LMC,Account (% age 15+),58.27,..
Lower middle income,LMC,Borrowed from a formal financial institution (% age 15+),10.11,..
Lower middle income,LMC,"Can use account at a bank or financial institution without help if opened (% without an account, age 15+)",..,..
Lower middle income,LMC,Deposited money into a financial institution account 2 or more times a month (% age 15+),..,89.91
Lower middle income,LMC,Owns a debit card (% age 15+),27.62,67.93
Lower middle income,LMC,Owns a credit card (% age 15+),3.09,..
Lower middle income,LMC,Received digital payments (% age 15+),19.65,30.33
Middle East & North Africa,MEA,Account (% age 15+),47.51,29.67
Middle East & North Africa,MEA,Borrowed from a formal financial institution (% age 15+),12.52,66.03
Middle East & North Africa,MEA,"Can use account at a bank or financial institution without help if opened (% without an account, age 15+)",..,5.89
Middle East & North Africa,MEA,Deposited money into a financial institution account 2 or more times a month (% age 15+),..,5.47
Middle East & North Africa,MEA,Owns a debit card (% age 15+),35.71,72.95
Middle East & North Africa,MEA,Owns a credit card (% age 15+),6.6,67.14
Middle East & North Africa,MEA,Received digital payments (% age 15+),27.72,3.3
Middle East & North Africa (excluding high income),MNA,Account (% age 15+),43.42,21.06
Middle East & North Africa (excluding high income),MNA,Borrowed from a formal financial institution (% age 15+),9.57,71
Middle East & North Africa (excluding high income),MNA,"Can use account at a bank or financial institution without help if opened (% without an account, age 15+)",..,74.64
Middle East & North Africa (excluding high income),MNA,Deposited money into a financial institution account 2 or more times a month (% age 15+),..,..
Middle East & North Africa (excluding high income),MNA,Owns a debit card (% age 15+),31.77,
Middle East & North Africa (excluding high income),MNA,Owns a credit card (% age 15+),3.4,71.38
Middle East & North Africa (excluding high income),MNA,Received digital payments (% age 15+),24.89,..
Middle income,MIC,Account (% age 15+),64.86,..
Middle income,MIC,Borrowed from a formal financial institution (% age 15+),15.56,18.59
Middle income,MIC,"Can use account at a bank or financial institution without help if opened (% without an account, age 15+)",..,..
Middle income,MIC,Deposited money into a financial institution account 2 or more times a month (% age 15+),..,12.79
Middle income,MIC,Owns a debit card (% age 15+),41.8,30.95
Middle income,MIC,Owns a credit card (% age 15+),10.55,
Middle income,MIC,Received digital payments (% age 15+),27.56,29.52
North America,NAC,Account (% age 15+),93.81,12.53
North America,NAC,Borrowed from a formal financial institution (% age 15+),69.86,17.09
North America,NAC,"Can use account at a bank or financial institution without help if opened (% without an account, age 15+)",..,17.93
North America,NAC,Deposited money into a financial institution account 2 or more times a month (% age 15+),..,24.85
North America,NAC,Owns a debit card (% age 15+),81.95,..
North America,NAC,Owns a credit card (% age 15+),67.37,15.56
North America,NAC,Received digital payments (% age 15+),66.38,62.38
OECD members,OED,Account (% age 15+),94.46,2.14
OECD members,OED,Borrowed from a formal financial institution (% age 15+),56.32,31.58
OECD members,OED,"Can use account at a bank or financial institution without help if opened (% without an account, age 15+)",..,58.5
OECD members,OED,Deposited money into a financial institution account 2 or more times a month (% age 15+),..,..
OECD members,OED,Owns a debit card (% age 15+),83.94,23.26
OECD members,OED,Owns a credit card (% age 15+),56.25,..
OECD members,OED,Received digital payments (% age 15+),68.37,
South Asia,SAS,Account (% age 15+),69.46,..
South Asia,SAS,Borrowed from a formal financial institution (% age 15+),7.8,13.65
South Asia,SAS,"Can use account at a bank or financial institution without help if opened (% without an account, age 15+)",..,14.99
South Asia,SAS,Deposited money into a financial institution account 2 or more times a month (% age 15+),..,45.32
South Asia,SAS,Owns a debit card (% age 15+),26.97,..
South Asia,SAS,Owns a credit card (% age 15+),2.51,31.29
South Asia,SAS,Received digital payments (% age 15+),15.43,25.55
Sub-Saharan Africa,SSF,Account (% age 15+),42.63,41.26
Sub-Saharan Africa,SSF,Borrowed from a formal financial institution (% age 15+),8.4,..
Sub-Saharan Africa,SSF,"Can use account at a bank or financial institution without help if opened (% without an account, age 15+)",..,..
Sub-Saharan Africa,SSF,Deposited money into a financial institution account 2 or more times a month (% age 15+),..,46.92
Sub-Saharan Africa,SSF,Owns a debit card (% age 15+),17.68,3.71
Sub-Saharan Africa,SSF,Owns a credit card (% age 15+),3.19,..
Sub-Saharan Africa,SSF,Received digital payments (% age 15+),24.82,..
Sub-Saharan Africa (excluding high income),SSA,Account (% age 15+),42.63,72.37
Sub-Saharan Africa (excluding high income),SSA,Borrowed from a formal financial institution (% age 15+),8.4,22.35
Sub-Saharan Africa (excluding high income),SSA,"Can use account at a bank or financial institution without help if opened (% without an account, age 15+)",..,36.33
Sub-Saharan Africa (excluding high income),SSA,Deposited money into a financial institution account 2 or more times a month (% age 15+),..,19.02
Sub-Saharan Africa (excluding high income),SSA,Owns a debit card (% age 15+),17.68,45.87
Sub-Saharan Africa (excluding high income),SSA,Owns a credit card (% age 15+),3.19,17.12
Sub-Saharan Africa (excluding high income),SSA,Received digital payments (% age 15+),24.82,36.55
Upper middle income,UMC,Account (% age 15+),72.35,
Upper middle income,UMC,Borrowed from a formal financial institution (% age 15+),21.75,47.36
Upper middle income,UMC,"Can use account at a bank or financial institution without help if opened (% without an account, age 15+)",..,47.36
Upper middle income,UMC,Deposited money into a financial institution account 2 or more times a month (% age 15+),..,0
Upper middle income,UMC,Owns a debit card (% age 15+),57.9,..
Upper middle income,UMC,Owns a credit card (% age 15+),19.02,84.23
Upper middle income,UMC,Received digital payments (% age 15+),36.55,..
World,WLD,Account (% age 15+),68.5,63.75
World,WLD,Borrowed from a formal financial institution (% age 15+),22.29,..
World,WLD,"Can use account at a bank or financial institution without help if opened (% without an account, age 15+)",..,..
World,WLD,Deposited money into a financial institution account 2 or more times a month (% age 15+),..,..
World,WLD,Owns a debit card (% age 15+),47.67,..
World,WLD,Owns a credit card (% age 15+),18.13,..
World,WLD,Received digital payments (% age 15+),34.1,58.63